index,ProtocolName,cluster
628805,AMAZON,8
2432990,AMAZON,3
2728177,AMAZON,24
1289932,AMAZON,23
2393521,AMAZON,3
1134145,AMAZON,14
882608,AMAZON,13
2573677,AMAZON,3
336491,AMAZON,1
2576736,AMAZON,3
2427501,AMAZON,3
2430048,AMAZON,3
481935,AMAZON,2
1892886,AMAZON,2
1912328,AMAZON,2
2362150,AMAZON,18
41532,AMAZON,8
328087,AMAZON,3
1163645,AMAZON,1
2840651,AMAZON,22
2061831,AMAZON,14
2073524,AMAZON,15
2071622,AMAZON,1
342995,AMAZON,8
2434055,AMAZON,3
461356,AMAZON,12
2321009,AMAZON,24
2315722,AMAZON,9
2428302,AMAZON,3
2283215,AMAZON,1
1388507,AMAZON,14
2545295,AMAZON,11
272927,AMAZON,25
3481112,AMAZON,6
1331192,AMAZON,13
1782949,AMAZON,13
2545469,AMAZON,4
2075077,AMAZON,6
1598268,AMAZON,1
2428315,AMAZON,3
1393087,AMAZON,28
2434863,AMAZON,7
2077256,AMAZON,4
2582354,AMAZON,3
2067944,AMAZON,1
2072947,AMAZON,8
1006376,AMAZON,14
810372,AMAZON,8
3377362,AMAZON,1
2436612,AMAZON,3
2430382,AMAZON,3
154672,AMAZON,11
2066663,AMAZON,15
3230394,AMAZON,1
1575859,AMAZON,20
981912,AMAZON,3
2587657,AMAZON,3
230895,AMAZON,14
2366421,AMAZON,3
2545654,AMAZON,5
3236449,AMAZON,9
2070445,AMAZON,1
2064250,AMAZON,1
2061279,AMAZON,6
291930,AMAZON,12
1538588,AMAZON,19
2247605,AMAZON,1
2320198,AMAZON,1
3473863,AMAZON,11
2431884,AMAZON,11
2060613,AMAZON,1
1742971,AMAZON,11
2436786,AMAZON,3
2071461,AMAZON,1
1007676,AMAZON,15
291934,AMAZON,5
549848,AMAZON,14
191562,AMAZON,1
1738973,AMAZON,1
876930,AMAZON,4
338438,AMAZON,13
2072534,AMAZON,1
2066629,AMAZON,1
2072573,AMAZON,1
2245682,AMAZON,8
326839,AMAZON,11
2581888,AMAZON,11
2066839,AMAZON,15
2065633,AMAZON,15
2563904,AMAZON,11
2577031,AMAZON,3
2178950,AMAZON,1
2902998,AMAZON,1
1051751,AMAZON,13
3476038,AMAZON,4
1290130,AMAZON,25
1110464,AMAZON,8
2067027,AMAZON,1
2560080,AMAZON,7
799937,AMAZON,4
242419,APPLE,2
3559858,APPLE,4
1278681,APPLE,18
3367176,APPLE,1
703047,APPLE,1
2657332,APPLE,26
3000743,APPLE,1
3001827,APPLE,18
242324,APPLE,2
2915996,APPLE,1
3000100,APPLE,21
3000484,APPLE,25
2638229,APPLE,28
3003374,APPLE,1
2863876,APPLE,4
1274310,APPLE,4
3001180,APPLE,1
3088103,APPLE,13
359646,APPLE,18
937813,APPLE,5
442758,APPLE,3
583312,APPLE,8
570450,APPLE,5
1132124,APPLE,1
1582914,APPLE,4
2638240,APPLE,4
331333,APPLE,15
570575,APPLE,15
3422735,APPLE,24
2657447,APPLE,1
242478,APPLE,3
2921535,APPLE,2
2998198,APPLE,16
3004016,APPLE,26
2962865,APPLE,11
469915,APPLE,7
1350609,APPLE,1
2250854,APPLE,2
2608670,APPLE,1
2250170,APPLE,28
142184,APPLE,4
242410,APPLE,2
2929252,APPLE,1
2852924,APPLE,5
439798,APPLE,13
2657317,APPLE,26
760081,APPLE,1
2731674,APPLE,13
322494,APPLE,1
2089186,APPLE,9
2657283,APPLE,7
139122,APPLE,3
3001828,APPLE,1
3003973,APPLE,1
2879789,APPLE,22
114818,APPLE,4
3001877,APPLE,1
1277821,APPLE,1
3000660,APPLE,26
2854254,APPLE,4
2584441,APPLE,25
2657375,APPLE,32
2995701,APPLE,6
2994521,APPLE,24
2250599,APPLE,9
3002989,APPLE,23
2996130,APPLE,11
2902005,APPLE,16
3003979,APPLE,4
3369484,APPLE,4
3004342,APPLE,1
1407977,APPLE,28
3005637,APPLE,31
3001952,APPLE,1
178517,APPLE,1
3002282,APPLE,5
3004009,APPLE,13
2657326,APPLE,1
2997038,APPLE,4
3363087,APPLE,13
1920909,APPLE,9
2915005,APPLE,1
3000657,APPLE,4
3000536,APPLE,17
357438,APPLE,24
2901519,APPLE,13
2900833,APPLE,23
443783,APPLE,26
3003183,APPLE,3
444020,APPLE,1
442556,APPLE,1
3438906,APPLE,11
2903365,APPLE,1
3186224,APPLE,4
3004284,APPLE,1
2929512,APPLE,1
2177937,APPLE,4
2855276,APPLE,3
439079,APPLE,18
242401,APPLE,2
3024861,APPLE_ICLOUD,1
357007,APPLE_ICLOUD,1
947869,APPLE_ICLOUD,26
148588,APPLE_ICLOUD,14
968117,APPLE_ICLOUD,12
3084662,APPLE_ICLOUD,13
363415,APPLE_ICLOUD,1
834752,APPLE_ICLOUD,23
1927544,APPLE_ICLOUD,1
1291631,APPLE_ICLOUD,1
834765,APPLE_ICLOUD,23
138794,APPLE_ICLOUD,6
1237798,APPLE_ICLOUD,2
2901225,APPLE_ICLOUD,17
2901005,APPLE_ICLOUD,17
3237287,APPLE_ICLOUD,31
2029834,APPLE_ICLOUD,15
712281,APPLE_ICLOUD,13
2419588,APPLE_ICLOUD,15
2907124,APPLE_ICLOUD,1
283468,APPLE_ICLOUD,23
2717660,APPLE_ICLOUD,14
283534,APPLE_ICLOUD,21
2539273,APPLE_ICLOUD,2
1363641,APPLE_ICLOUD,4
2901113,APPLE_ICLOUD,17
361579,APPLE_ICLOUD,26
141880,APPLE_ICLOUD,7
3001814,APPLE_ICLOUD,17
2456570,APPLE_ICLOUD,7
3005621,APPLE_ICLOUD,1
3086237,APPLE_ICLOUD,1
735904,APPLE_ICLOUD,6
2854064,APPLE_ICLOUD,8
2900998,APPLE_ICLOUD,1
2994631,APPLE_ICLOUD,24
2962792,APPLE_ICLOUD,1
3365115,APPLE_ICLOUD,1
2539253,APPLE_ICLOUD,17
1237800,APPLE_ICLOUD,2
3005734,APPLE_ICLOUD,24
1158010,APPLE_ICLOUD,1
148436,APPLE_ICLOUD,8
3426972,APPLE_ICLOUD,1
3085427,APPLE_ICLOUD,21
3002315,APPLE_ICLOUD,23
2901066,APPLE_ICLOUD,1
3000776,APPLE_ICLOUD,17
1637741,APPLE_ICLOUD,1
3366559,APPLE_ICLOUD,13
3365783,APPLE_ICLOUD,1
2901227,APPLE_ICLOUD,9
470425,APPLE_ICLOUD,8
2645452,APPLE_ICLOUD,1
2833035,APPLE_ICLOUD,23
3452958,APPLE_ICLOUD,2
2901136,APPLE_ICLOUD,17
735852,APPLE_ICLOUD,7
3024852,APPLE_ICLOUD,9
3285133,APPLE_ICLOUD,1
2687050,APPLE_ICLOUD,1
3370518,APPLE_ICLOUD,13
3053952,APPLE_ICLOUD,20
1291922,APPLE_ICLOUD,24
140105,APPLE_ICLOUD,6
2900999,APPLE_ICLOUD,1
283511,APPLE_ICLOUD,23
1722034,APPLE_ICLOUD,7
2914330,APPLE_ICLOUD,1
2901330,APPLE_ICLOUD,17
2886282,APPLE_ICLOUD,18
3000909,APPLE_ICLOUD,17
3428051,APPLE_ICLOUD,13
2356389,APPLE_ICLOUD,12
3426971,APPLE_ICLOUD,12
2331033,APPLE_ICLOUD,1
3139852,APPLE_ICLOUD,20
3003765,APPLE_ICLOUD,17
2901029,APPLE_ICLOUD,13
1928089,APPLE_ICLOUD,25
1091135,APPLE_ICLOUD,13
2174183,APPLE_ICLOUD,7
2382971,APPLE_ICLOUD,1
2802453,APPLE_ICLOUD,9
3085196,APPLE_ICLOUD,1
1618425,APPLE_ICLOUD,1
2446614,APPLE_ICLOUD,1
712280,APPLE_ICLOUD,23
834754,APPLE_ICLOUD,21
3301382,APPLE_ICLOUD,4
3363464,APPLE_ICLOUD,13
23227,APPLE_ICLOUD,26
3139995,APPLE_ICLOUD,25
2852070,APPLE_ICLOUD,8
2441257,APPLE_ICLOUD,17
2173228,APPLE_ICLOUD,28
283521,APPLE_ICLOUD,23
2175894,APPLE_ICLOUD,15
3051303,APPLE_ICLOUD,15
2901112,APPLE_ICLOUD,1
2173006,APPLE_ITUNES,4
3024806,APPLE_ITUNES,15
2943601,APPLE_ITUNES,3
2701829,APPLE_ITUNES,3
3363825,APPLE_ITUNES,1
2864135,APPLE_ITUNES,4
2867654,APPLE_ITUNES,8
2036661,APPLE_ITUNES,7
2176450,APPLE_ITUNES,7
2175145,APPLE_ITUNES,4
759296,APPLE_ITUNES,1
1972251,APPLE_ITUNES,2
1826761,APPLE_ITUNES,1
1897087,APPLE_ITUNES,5
359581,APPLE_ITUNES,24
456291,APPLE_ITUNES,24
738866,APPLE_ITUNES,4
3005054,APPLE_ITUNES,6
2250553,APPLE_ITUNES,14
2250703,APPLE_ITUNES,2
2175244,APPLE_ITUNES,4
368691,APPLE_ITUNES,5
2854094,APPLE_ITUNES,20
443345,APPLE_ITUNES,13
2558544,APPLE_ITUNES,4
1637734,APPLE_ITUNES,17
2173031,APPLE_ITUNES,4
627368,APPLE_ITUNES,5
362399,APPLE_ITUNES,1
1921272,APPLE_ITUNES,4
3002976,APPLE_ITUNES,12
1937753,APPLE_ITUNES,9
2250873,APPLE_ITUNES,11
2655067,APPLE_ITUNES,1
584019,APPLE_ITUNES,1
2250562,APPLE_ITUNES,14
3000662,APPLE_ITUNES,12
1421748,APPLE_ITUNES,1
3574591,APPLE_ITUNES,12
3024801,APPLE_ITUNES,15
62097,APPLE_ITUNES,8
584023,APPLE_ITUNES,24
760473,APPLE_ITUNES,5
444147,APPLE_ITUNES,7
1110095,APPLE_ITUNES,6
2655050,APPLE_ITUNES,15
3024775,APPLE_ITUNES,3
2874165,APPLE_ITUNES,8
2250770,APPLE_ITUNES,2
3000167,APPLE_ITUNES,1
2173058,APPLE_ITUNES,3
2175770,APPLE_ITUNES,14
2852918,APPLE_ITUNES,5
2655091,APPLE_ITUNES,11
456514,APPLE_ITUNES,1
2176485,APPLE_ITUNES,4
2176448,APPLE_ITUNES,2
1922264,APPLE_ITUNES,2
1774401,APPLE_ITUNES,24
1921328,APPLE_ITUNES,18
2657382,APPLE_ITUNES,2
2174828,APPLE_ITUNES,4
2173041,APPLE_ITUNES,7
2917827,APPLE_ITUNES,1
3539042,APPLE_ITUNES,1
361854,APPLE_ITUNES,2
361588,APPLE_ITUNES,1
2250869,APPLE_ITUNES,2
2173005,APPLE_ITUNES,8
499073,APPLE_ITUNES,25
2250419,APPLE_ITUNES,15
115297,APPLE_ITUNES,2
2023752,APPLE_ITUNES,5
1985788,APPLE_ITUNES,26
3211329,APPLE_ITUNES,20
3147936,APPLE_ITUNES,23
1637820,APPLE_ITUNES,18
2854182,APPLE_ITUNES,18
2250793,APPLE_ITUNES,3
2175265,APPLE_ITUNES,7
2250744,APPLE_ITUNES,2
811962,APPLE_ITUNES,1
811961,APPLE_ITUNES,1
3491005,APPLE_ITUNES,11
456448,APPLE_ITUNES,2
1775002,APPLE_ITUNES,14
1898695,APPLE_ITUNES,8
741450,APPLE_ITUNES,18
2257240,APPLE_ITUNES,2
2250470,APPLE_ITUNES,8
2854185,APPLE_ITUNES,15
1898082,APPLE_ITUNES,7
2250543,APPLE_ITUNES,23
318218,APPLE_ITUNES,4
72692,APPLE_ITUNES,6
265286,APPLE_ITUNES,6
584018,APPLE_ITUNES,31
2250127,APPLE_ITUNES,25
1998260,APPLE_ITUNES,13
1998733,APPLE_ITUNES,14
1908662,CLOUDFLARE,1
1442374,CLOUDFLARE,1
2171550,CLOUDFLARE,1
354446,CLOUDFLARE,1
3352680,CLOUDFLARE,1
1537910,CLOUDFLARE,5
1156195,CLOUDFLARE,6
748002,CLOUDFLARE,3
3082223,CLOUDFLARE,1
3040457,CLOUDFLARE,12
496822,CLOUDFLARE,1
868421,CLOUDFLARE,11
367098,CLOUDFLARE,18
2319456,CLOUDFLARE,1
2738902,CLOUDFLARE,6
1537334,CLOUDFLARE,4
899166,CLOUDFLARE,1
2315928,CLOUDFLARE,9
146504,CLOUDFLARE,1
3342118,CLOUDFLARE,1
142552,CLOUDFLARE,5
3056558,CLOUDFLARE,2
3489310,CLOUDFLARE,1
2438542,CLOUDFLARE,1
2929210,CLOUDFLARE,1
1605093,CLOUDFLARE,1
1552342,CLOUDFLARE,1
356750,CLOUDFLARE,6
353116,CLOUDFLARE,1
1535555,CLOUDFLARE,2
369026,CLOUDFLARE,1
2190633,CLOUDFLARE,1
2029101,CLOUDFLARE,14
1735644,CLOUDFLARE,3
3068049,CLOUDFLARE,1
180453,CLOUDFLARE,1
2314378,CLOUDFLARE,23
2419200,CLOUDFLARE,2
139134,CLOUDFLARE,13
1735714,CLOUDFLARE,2
1028786,CLOUDFLARE,1
1538101,CLOUDFLARE,5
3209014,CLOUDFLARE,18
182752,CLOUDFLARE,14
2929050,CLOUDFLARE,1
2596321,CLOUDFLARE,1
1167485,CLOUDFLARE,18
142636,CLOUDFLARE,11
140073,CLOUDFLARE,5
1794043,CLOUDFLARE,12
3475778,CLOUDFLARE,24
1268113,CLOUDFLARE,1
1275221,CLOUDFLARE,3
1018475,CLOUDFLARE,2
2942477,CLOUDFLARE,4
1580205,CLOUDFLARE,1
1535710,CLOUDFLARE,5
1169152,CLOUDFLARE,1
1532556,CLOUDFLARE,2
3481743,CLOUDFLARE,3
1261627,CLOUDFLARE,26
175722,CLOUDFLARE,1
1567173,CLOUDFLARE,3
2027795,CLOUDFLARE,5
1428275,CLOUDFLARE,1
1391439,CLOUDFLARE,2
752122,CLOUDFLARE,1
318101,CLOUDFLARE,3
2030176,CLOUDFLARE,5
1538579,CLOUDFLARE,4
77724,CLOUDFLARE,1
1721566,CLOUDFLARE,5
3220793,CLOUDFLARE,11
2319381,CLOUDFLARE,1
136934,CLOUDFLARE,5
893014,CLOUDFLARE,6
2054603,CLOUDFLARE,14
3240162,CLOUDFLARE,8
1537527,CLOUDFLARE,2
738302,CLOUDFLARE,1
76033,CLOUDFLARE,1
1540778,CLOUDFLARE,1
876975,CLOUDFLARE,5
148323,CLOUDFLARE,2
3062110,CLOUDFLARE,1
2027727,CLOUDFLARE,5
1261083,CLOUDFLARE,4
148545,CLOUDFLARE,6
3215283,CLOUDFLARE,5
2566325,CLOUDFLARE,1
154337,CLOUDFLARE,3
2065981,CLOUDFLARE,20
2104106,CLOUDFLARE,1
175182,CLOUDFLARE,14
75154,CLOUDFLARE,1
1019076,CLOUDFLARE,2
3059828,CLOUDFLARE,2
3244554,CLOUDFLARE,20
139919,CLOUDFLARE,17
78661,CLOUDFLARE,1
1728981,CONTENT_FLASH,8
2048188,CONTENT_FLASH,5
3212609,CONTENT_FLASH,6
2044901,CONTENT_FLASH,11
1727948,CONTENT_FLASH,6
2045242,CONTENT_FLASH,3
1900757,CONTENT_FLASH,15
35247,CONTENT_FLASH,8
3490054,CONTENT_FLASH,1
1724645,CONTENT_FLASH,7
2180289,CONTENT_FLASH,3
2181460,CONTENT_FLASH,3
3491255,CONTENT_FLASH,1
2045374,CONTENT_FLASH,3
2183106,CONTENT_FLASH,3
2034969,CONTENT_FLASH,15
1022892,CONTENT_FLASH,20
2157734,CONTENT_FLASH,1
1725542,CONTENT_FLASH,6
1024075,CONTENT_FLASH,1
2176808,CONTENT_FLASH,14
2174982,CONTENT_FLASH,14
88713,CONTENT_FLASH,5
3213990,CONTENT_FLASH,14
3238905,CONTENT_FLASH,6
2182664,CONTENT_FLASH,3
128634,CONTENT_FLASH,8
1544208,CONTENT_FLASH,8
2172684,CONTENT_FLASH,8
1728334,CONTENT_FLASH,7
3211291,CONTENT_FLASH,8
3491133,CONTENT_FLASH,15
1726312,CONTENT_FLASH,6
1023485,CONTENT_FLASH,21
1896643,CONTENT_FLASH,8
2177051,CONTENT_FLASH,14
1533177,CONTENT_FLASH,6
1727578,CONTENT_FLASH,8
2172903,CONTENT_FLASH,8
61180,CONTENT_FLASH,8
2044941,CONTENT_FLASH,3
2045030,CONTENT_FLASH,9
1907190,CONTENT_FLASH,8
59243,CONTENT_FLASH,8
1023906,CONTENT_FLASH,1
1532953,CONTENT_FLASH,6
1901299,CONTENT_FLASH,8
1535950,CONTENT_FLASH,3
1023660,CONTENT_FLASH,1
1023606,CONTENT_FLASH,21
1729128,CONTENT_FLASH,6
1898928,CONTENT_FLASH,8
1906728,CONTENT_FLASH,8
1730513,CONTENT_FLASH,6
8534,CONTENT_FLASH,11
3059692,CONTENT_FLASH,3
1543116,CONTENT_FLASH,6
1725477,CONTENT_FLASH,7
3236766,CONTENT_FLASH,15
3490782,CONTENT_FLASH,1
1726747,CONTENT_FLASH,6
1537388,CONTENT_FLASH,8
2035375,CONTENT_FLASH,6
2046754,CONTENT_FLASH,3
35699,CONTENT_FLASH,8
1027680,CONTENT_FLASH,1
3494528,CONTENT_FLASH,6
1728844,CONTENT_FLASH,6
2189255,CONTENT_FLASH,8
1533661,CONTENT_FLASH,7
1733945,CONTENT_FLASH,6
1027488,CONTENT_FLASH,1
1023164,CONTENT_FLASH,1
2188271,CONTENT_FLASH,8
3491123,CONTENT_FLASH,1
1026607,CONTENT_FLASH,1
1733749,CONTENT_FLASH,7
2046271,CONTENT_FLASH,3
1544032,CONTENT_FLASH,8
3493697,CONTENT_FLASH,15
3237123,CONTENT_FLASH,1
3212797,CONTENT_FLASH,6
1901079,CONTENT_FLASH,8
1543586,CONTENT_FLASH,6
1538445,CONTENT_FLASH,7
1536843,CONTENT_FLASH,6
2186373,CONTENT_FLASH,8
59638,CONTENT_FLASH,6
2182730,CONTENT_FLASH,3
2180189,CONTENT_FLASH,3
3489667,CONTENT_FLASH,1
2034943,CONTENT_FLASH,4
1533142,CONTENT_FLASH,7
3211245,CONTENT_FLASH,8
20624,CONTENT_FLASH,8
1897246,CONTENT_FLASH,8
3214793,CONTENT_FLASH,8
2044956,CONTENT_FLASH,3
1023720,CONTENT_FLASH,21
59380,CONTENT_FLASH,8
2781473,DNS,16
2934692,DNS,16
2700064,DNS,33
2293555,DNS,16
376269,DNS,16
1610789,DNS,1
2227561,DNS,16
2087350,DNS,16
1051316,DNS,16
906838,DNS,16
3250051,DNS,2
2161513,DNS,13
203062,DNS,22
2462554,DNS,16
3042832,DNS,16
1062623,DNS,1
3110953,DNS,16
3261655,DNS,5
847634,DNS,16
914919,DNS,16
1929085,DNS,2
387289,DNS,1
2934618,DNS,16
209631,DNS,16
522108,DNS,16
668616,DNS,16
3387287,DNS,16
2346095,DNS,30
3116493,DNS,23
2212320,DNS,2
2699220,DNS,16
2476302,DNS,4
780461,DNS,33
1377906,DNS,16
3572021,DNS,22
1611455,DNS,17
725397,DNS,25
2621098,DNS,16
3188265,DNS,16
3465407,DNS,16
3409871,DNS,30
3391420,DNS,16
1609269,DNS,1
3413950,DNS,22
2294209,DNS,16
1611444,DNS,16
1252616,DNS,16
2616270,DNS,16
2845473,DNS,22
3397410,DNS,16
121139,DNS,22
3464550,DNS,16
3464568,DNS,19
2395139,DNS,16
1049988,DNS,16
1461623,DNS,22
3572324,DNS,22
2637375,DNS,16
2475051,DNS,22
2344906,DNS,16
659618,DNS,5
72097,DNS,30
1800106,DNS,1
2468411,DNS,9
1379765,DNS,22
1947935,DNS,1
3193938,DNS,16
3109806,DNS,16
2551317,DNS,16
3413947,DNS,16
1460688,DNS,4
727299,DNS,4
1053809,DNS,16
2225330,DNS,33
1377311,DNS,16
3099771,DNS,33
1055973,DNS,16
924326,DNS,16
1608222,DNS,22
1459601,DNS,22
2293801,DNS,33
1051798,DNS,16
1173898,DNS,16
2935889,DNS,18
3518810,DNS,4
1800075,DNS,4
52775,DNS,16
525774,DNS,16
1304753,DNS,16
2551954,DNS,33
791296,DNS,5
3110849,DNS,16
2469917,DNS,33
727837,DNS,24
2699977,DNS,33
3402543,DNS,4
2344747,DNS,16
846141,DNS,16
3187301,DNS,16
1182068,DNS,16
3276852,DROPBOX,6
1328547,DROPBOX,5
3456202,DROPBOX,4
858049,DROPBOX,1
2396691,DROPBOX,3
1933762,DROPBOX,12
1810046,DROPBOX,1
2943382,DROPBOX,5
1618061,DROPBOX,21
848386,DROPBOX,6
3127656,DROPBOX,6
3575281,DROPBOX,1
1567669,DROPBOX,14
3525170,DROPBOX,6
3142301,DROPBOX,19
2781038,DROPBOX,5
56048,DROPBOX,23
487169,DROPBOX,18
3276566,DROPBOX,31
1968156,DROPBOX,6
1066375,DROPBOX,18
1617775,DROPBOX,5
3525457,DROPBOX,3
3333193,DROPBOX,3
66290,DROPBOX,28
2781396,DROPBOX,18
1670444,DROPBOX,24
1379650,DROPBOX,1
2251121,DROPBOX,7
2570539,DROPBOX,15
395242,DROPBOX,4
2351495,DROPBOX,5
676566,DROPBOX,5
1197429,DROPBOX,5
2243426,DROPBOX,3
225832,DROPBOX,3
1031387,DROPBOX,21
927679,DROPBOX,5
2559489,DROPBOX,6
1328671,DROPBOX,3
676554,DROPBOX,18
113756,DROPBOX,4
2781305,DROPBOX,3
1197421,DROPBOX,2
2186621,DROPBOX,4
2431564,DROPBOX,2
145515,DROPBOX,12
3044342,DROPBOX,6
3329103,DROPBOX,21
2205655,DROPBOX,9
1218019,DROPBOX,2
3202345,DROPBOX,3
2482465,DROPBOX,6
2635147,DROPBOX,23
3413432,DROPBOX,2
761164,DROPBOX,1
159642,DROPBOX,8
1066595,DROPBOX,4
1277841,DROPBOX,1
987455,DROPBOX,5
1436917,DROPBOX,1
2163071,DROPBOX,2
1968018,DROPBOX,5
1066412,DROPBOX,6
2360000,DROPBOX,11
1968290,DROPBOX,3
927678,DROPBOX,28
3525256,DROPBOX,5
2396852,DROPBOX,3
3138376,DROPBOX,1
1618112,DROPBOX,5
1834380,DROPBOX,4
2884457,DROPBOX,18
2635087,DROPBOX,7
3206467,DROPBOX,13
2635077,DROPBOX,4
2943407,DROPBOX,3
1617821,DROPBOX,18
1731778,DROPBOX,6
538146,DROPBOX,5
1911080,DROPBOX,4
3525470,DROPBOX,5
225727,DROPBOX,5
2943500,DROPBOX,11
270694,DROPBOX,11
2727494,DROPBOX,24
2243402,DROPBOX,5
3531758,DROPBOX,1
676614,DROPBOX,18
107398,DROPBOX,3
3197618,DROPBOX,5
2296104,DROPBOX,3
1254359,DROPBOX,3
2518968,DROPBOX,8
927544,DROPBOX,5
1509937,DROPBOX,11
145784,DROPBOX,11
2635019,DROPBOX,6
2817503,DROPBOX,2
2943572,DROPBOX,3
3318635,EASYTAXI,1
1164747,EASYTAXI,1
2298347,EASYTAXI,6
2037442,EASYTAXI,8
3318616,EASYTAXI,1
3318643,EASYTAXI,1
3237858,EASYTAXI,1
1468981,EASYTAXI,21
1650032,EASYTAXI,15
2597177,EASYTAXI,1
1340477,EASYTAXI,6
3266226,EASYTAXI,1
2740439,EASYTAXI,1
2598921,EASYTAXI,1
3318598,EASYTAXI,1
1721343,EASYTAXI,1
3237763,EASYTAXI,17
2188789,EASYTAXI,18
3318886,EASYTAXI,2
1927403,EASYTAXI,1
2020433,EASYTAXI,7
2806296,EASYTAXI,1
3237921,EASYTAXI,3
3237949,EASYTAXI,1
2588392,EASYTAXI,17
738162,EASYTAXI,15
2806285,EASYTAXI,17
2287052,EASYTAXI,6
3318638,EASYTAXI,1
1144772,EASYTAXI,14
3243213,EASYTAXI,11
2591734,EASYTAXI,12
2035822,EASYTAXI,20
1166594,EASYTAXI,4
3318693,EASYTAXI,26
2806328,EASYTAXI,1
2741881,EASYTAXI,1
3237966,EASYTAXI,1
605296,EASYTAXI,8
3318595,EASYTAXI,9
1164751,EASYTAXI,1
1164748,EASYTAXI,8
1164775,EASYTAXI,1
1544119,EASYTAXI,7
1168496,EASYTAXI,1
1720275,EASYTAXI,5
3318612,EASYTAXI,1
3318654,EASYTAXI,19
1927399,EASYTAXI,1
3318673,EASYTAXI,28
2660566,EASYTAXI,1
2740912,EASYTAXI,24
3237929,EASYTAXI,28
2838849,EASYTAXI,3
2741085,EASYTAXI,23
3318679,EASYTAXI,1
2020445,EASYTAXI,6
2740976,EASYTAXI,31
2806272,EASYTAXI,12
2287059,EASYTAXI,6
3237857,EASYTAXI,20
2739438,EASYTAXI,28
1658606,EASYTAXI,2
2741908,EASYTAXI,1
3237666,EASYTAXI,9
2301379,EASYTAXI,4
1544130,EASYTAXI,8
2596757,EASYTAXI,1
2298348,EASYTAXI,6
2035782,EASYTAXI,9
1340442,EASYTAXI,8
2806313,EASYTAXI,21
2596981,EASYTAXI,1
2741875,EASYTAXI,2
715373,EASYTAXI,20
2298362,EASYTAXI,7
259036,EASYTAXI,31
2298365,EASYTAXI,6
193507,EASYTAXI,5
1164754,EASYTAXI,1
1833480,EASYTAXI,1
3237811,EASYTAXI,23
1598895,EASYTAXI,23
3318644,EASYTAXI,17
1144750,EASYTAXI,11
3237669,EASYTAXI,1
3237810,EASYTAXI,1
2660579,EASYTAXI,12
3244134,EASYTAXI,12
2806287,EASYTAXI,17
1978595,EASYTAXI,12
3318591,EASYTAXI,9
3318803,EASYTAXI,3
1978620,EASYTAXI,12
1144755,EASYTAXI,5
3238549,EASYTAXI,13
3318694,EASYTAXI,1
2154167,EASYTAXI,1
2650742,EASYTAXI,1
3276472,EASYTAXI,19
2661919,EBAY,4
610413,EBAY,26
3561078,EBAY,7
1973672,EBAY,1
1688376,EBAY,6
1479259,EBAY,1
1973744,EBAY,1
2109840,EBAY,4
2661912,EBAY,4
36702,EBAY,9
624504,EBAY,1
709309,EBAY,3
587372,EBAY,1
1973811,EBAY,20
1479198,EBAY,15
633434,EBAY,28
709352,EBAY,6
1932040,EBAY,25
709551,EBAY,11
2661900,EBAY,4
347880,EBAY,1
1479388,EBAY,4
1969237,EBAY,4
2661857,EBAY,9
476399,EBAY,15
1937413,EBAY,9
1688753,EBAY,5
624503,EBAY,1
2109781,EBAY,5
2918303,EBAY,14
2560668,EBAY,7
2043717,EBAY,1
1688768,EBAY,4
1479447,EBAY,9
2109691,EBAY,6
2109879,EBAY,4
1479487,EBAY,11
1479542,EBAY,11
1973804,EBAY,8
1973905,EBAY,1
3561051,EBAY,9
2661896,EBAY,4
1533195,EBAY,13
1973832,EBAY,1
1969011,EBAY,3
709627,EBAY,17
1479665,EBAY,11
2561675,EBAY,1
2661882,EBAY,5
1479461,EBAY,1
1479387,EBAY,1
1933069,EBAY,25
60786,EBAY,7
1688449,EBAY,3
1937414,EBAY,8
2109771,EBAY,3
587076,EBAY,8
1933203,EBAY,9
50582,EBAY,14
1939521,EBAY,5
3561081,EBAY,8
587043,EBAY,7
1973750,EBAY,20
1933201,EBAY,28
1973814,EBAY,1
1479458,EBAY,11
709961,EBAY,4
709628,EBAY,15
1932429,EBAY,18
3471625,EBAY,6
1479496,EBAY,11
587061,EBAY,6
3472012,EBAY,9
1933204,EBAY,1
116189,EBAY,18
125367,EBAY,4
2661897,EBAY,4
2119183,EBAY,1
1435883,EBAY,4
2661888,EBAY,5
709308,EBAY,11
1973666,EBAY,1
2119177,EBAY,20
2118664,EBAY,21
633436,EBAY,18
2050030,EBAY,8
3471675,EBAY,19
69669,EBAY,15
36700,EBAY,24
2040029,EBAY,11
2109734,EBAY,8
1434242,EBAY,1
1479538,EBAY,11
709298,EBAY,11
2661843,EBAY,6
2043718,EBAY,1
967302,EBAY,4
2054778,EBAY,13
2609214,EBAY,17
709294,EBAY,25
2197784,FACEBOOK,4
2506155,FACEBOOK,8
1788373,FACEBOOK,4
136807,FACEBOOK,4
2653951,FACEBOOK,11
1868526,FACEBOOK,11
1337197,FACEBOOK,1
2978009,FACEBOOK,11
2593508,FACEBOOK,4
2307653,FACEBOOK,4
3307647,FACEBOOK,1
2638951,FACEBOOK,3
32568,FACEBOOK,2
963149,FACEBOOK,21
1998373,FACEBOOK,1
1238233,FACEBOOK,15
3551975,FACEBOOK,12
2532791,FACEBOOK,5
2488417,FACEBOOK,6
2715508,FACEBOOK,4
2996596,FACEBOOK,1
2967273,FACEBOOK,8
1286906,FACEBOOK,4
1287163,FACEBOOK,12
3310380,FACEBOOK,3
311490,FACEBOOK,4
336021,FACEBOOK,4
3435638,FACEBOOK,14
3367241,FACEBOOK,2
183555,FACEBOOK,4
3491042,FACEBOOK,8
2118020,FACEBOOK,11
3565025,FACEBOOK,1
1513508,FACEBOOK,11
3544314,FACEBOOK,2
990088,FACEBOOK,2
2197912,FACEBOOK,4
3201019,FACEBOOK,4
1633112,FACEBOOK,1
1149503,FACEBOOK,11
1927947,FACEBOOK,1
3247626,FACEBOOK,1
759790,FACEBOOK,4
3141322,FACEBOOK,11
3365779,FACEBOOK,21
1024585,FACEBOOK,4
343567,FACEBOOK,4
1559606,FACEBOOK,4
1399720,FACEBOOK,4
1904807,FACEBOOK,2
1504566,FACEBOOK,11
2199538,FACEBOOK,1
541640,FACEBOOK,5
2499412,FACEBOOK,11
2441817,FACEBOOK,4
159875,FACEBOOK,4
247033,FACEBOOK,3
1686567,FACEBOOK,5
893406,FACEBOOK,17
1774566,FACEBOOK,4
3285729,FACEBOOK,2
2381881,FACEBOOK,2
2309455,FACEBOOK,4
2449135,FACEBOOK,4
1146414,FACEBOOK,5
1152859,FACEBOOK,4
2568862,FACEBOOK,4
1222312,FACEBOOK,1
541634,FACEBOOK,11
1101461,FACEBOOK,17
900592,FACEBOOK,4
1882756,FACEBOOK,15
3018532,FACEBOOK,11
173325,FACEBOOK,4
2283980,FACEBOOK,15
2418509,FACEBOOK,3
2637884,FACEBOOK,11
1434249,FACEBOOK,4
3139864,FACEBOOK,4
829165,FACEBOOK,11
428848,FACEBOOK,2
1748099,FACEBOOK,4
1008589,FACEBOOK,5
3456280,FACEBOOK,14
596783,FACEBOOK,5
852756,FACEBOOK,2
2322767,FACEBOOK,4
2167757,FACEBOOK,2
1882311,FACEBOOK,7
183494,FACEBOOK,4
3317138,FACEBOOK,15
2596098,FACEBOOK,4
1166886,FACEBOOK,21
1642273,FACEBOOK,11
2893297,FACEBOOK,4
1573341,FACEBOOK,4
1931454,FACEBOOK,4
1596124,FACEBOOK,11
173006,FACEBOOK,4
156391,FACEBOOK,11
207256,FTP_DATA,1
792971,FTP_DATA,5
2636859,FTP_DATA,7
2770123,FTP_DATA,4
1100257,FTP_DATA,5
2537131,FTP_DATA,5
1892803,FTP_DATA,5
2636484,FTP_DATA,6
1197603,FTP_DATA,1
2403602,FTP_DATA,11
2737003,FTP_DATA,15
3392617,FTP_DATA,4
2603186,FTP_DATA,6
2593693,FTP_DATA,6
3395830,FTP_DATA,1
3241476,FTP_DATA,6
41908,FTP_DATA,2
3200035,FTP_DATA,11
2648858,FTP_DATA,3
2637269,FTP_DATA,1
792970,FTP_DATA,4
387141,FTP_DATA,1
3149380,FTP_DATA,5
2801132,FTP_DATA,14
770726,FTP_DATA,4
3201709,FTP_DATA,3
792972,FTP_DATA,1
1130596,FTP_DATA,11
2203515,FTP_DATA,1
770731,FTP_DATA,4
1714385,FTP_DATA,11
654414,FTP_DATA,1
2150617,FTP_DATA,11
894706,FTP_DATA,1
1715734,FTP_DATA,7
3392133,FTP_DATA,4
1912750,FTP_DATA,14
1771235,FTP_DATA,1
2203514,FTP_DATA,6
2411254,FTP_DATA,13
2944203,FTP_DATA,5
894978,FTP_DATA,8
2593723,FTP_DATA,6
2636226,FTP_DATA,11
3241477,FTP_DATA,1
1197591,FTP_DATA,2
909966,FTP_DATA,12
3308335,FTP_DATA,4
211654,FTP_DATA,4
1320990,FTP_DATA,4
1895376,FTP_DATA,7
2378815,FTP_DATA,8
2228143,FTP_DATA,4
717277,FTP_DATA,7
2635554,FTP_DATA,2
1884493,FTP_DATA,3
2635800,FTP_DATA,2
894705,FTP_DATA,8
2636715,FTP_DATA,1
2635822,FTP_DATA,2
3513948,FTP_DATA,1
3295051,FTP_DATA,7
2639110,FTP_DATA,2
2637134,FTP_DATA,1
1389513,FTP_DATA,4
1064247,FTP_DATA,6
501879,FTP_DATA,1
1934765,FTP_DATA,1
1139750,FTP_DATA,3
1197590,FTP_DATA,3
3088716,FTP_DATA,8
3414212,FTP_DATA,11
1130340,FTP_DATA,3
2635553,FTP_DATA,7
2593694,FTP_DATA,1
3100522,FTP_DATA,4
3392132,FTP_DATA,12
2591244,FTP_DATA,6
2851678,FTP_DATA,11
216514,FTP_DATA,1
2648861,FTP_DATA,5
384587,FTP_DATA,4
2409637,FTP_DATA,11
1983209,FTP_DATA,5
1197547,FTP_DATA,7
231671,FTP_DATA,4
1192261,FTP_DATA,30
1141853,FTP_DATA,1
1892804,FTP_DATA,4
1061531,FTP_DATA,1
2082082,FTP_DATA,11
208835,FTP_DATA,11
2944204,FTP_DATA,4
2137713,FTP_DATA,24
650096,FTP_DATA,4
1944064,FTP_DATA,1
1210153,FTP_DATA,5
1149554,FTP_DATA,3
2243134,FTP_DATA,1
1151126,FTP_DATA,7
1281850,GMAIL,15
548803,GMAIL,1
1976380,GMAIL,1
233909,GMAIL,6
2551041,GMAIL,24
984828,GMAIL,3
2308344,GMAIL,1
1332094,GMAIL,4
728376,GMAIL,6
1990701,GMAIL,1
1528239,GMAIL,18
2154605,GMAIL,28
2187586,GMAIL,13
886173,GMAIL,25
2407003,GMAIL,11
2329288,GMAIL,12
2815176,GMAIL,4
1039246,GMAIL,13
2611156,GMAIL,8
1211871,GMAIL,5
2352161,GMAIL,25
2517387,GMAIL,9
3033048,GMAIL,21
3426911,GMAIL,1
701289,GMAIL,21
1011044,GMAIL,17
2666750,GMAIL,24
615157,GMAIL,13
2364574,GMAIL,6
729094,GMAIL,23
565151,GMAIL,1
1782087,GMAIL,1
100120,GMAIL,17
2910687,GMAIL,12
2472413,GMAIL,12
2832401,GMAIL,2
2034902,GMAIL,19
2831931,GMAIL,1
2666675,GMAIL,6
1571197,GMAIL,28
1362440,GMAIL,8
3069533,GMAIL,24
3190993,GMAIL,6
1105770,GMAIL,1
1843739,GMAIL,2
1856281,GMAIL,6
223457,GMAIL,17
1345853,GMAIL,12
164937,GMAIL,7
2527246,GMAIL,28
2846835,GMAIL,9
2450362,GMAIL,1
3040141,GMAIL,1
866877,GMAIL,17
625758,GMAIL,1
1442013,GMAIL,4
2752282,GMAIL,26
2559663,GMAIL,18
2599189,GMAIL,23
764374,GMAIL,16
2434817,GMAIL,13
334095,GMAIL,6
1567136,GMAIL,9
1833467,GMAIL,4
2889210,GMAIL,1
2713151,GMAIL,20
3091951,GMAIL,19
2037122,GMAIL,7
2867617,GMAIL,6
2527495,GMAIL,18
1922365,GMAIL,1
1981625,GMAIL,13
1208668,GMAIL,28
94385,GMAIL,17
1937880,GMAIL,12
1196329,GMAIL,17
2183500,GMAIL,18
2036281,GMAIL,18
2797124,GMAIL,4
1984491,GMAIL,2
2459399,GMAIL,1
230508,GMAIL,17
2908145,GMAIL,1
942477,GMAIL,23
1215725,GMAIL,18
874424,GMAIL,1
112554,GMAIL,4
2176489,GMAIL,18
1114052,GMAIL,9
1554710,GMAIL,1
110587,GMAIL,22
2055804,GMAIL,1
2611054,GMAIL,14
3136302,GMAIL,18
2202118,GMAIL,1
436304,GMAIL,28
3299003,GMAIL,2
2526814,GMAIL,17
712455,GMAIL,16
3233615,GMAIL,12
96462,GOOGLE,12
977076,GOOGLE,15
953045,GOOGLE,2
3047029,GOOGLE,2
161530,GOOGLE,23
1154021,GOOGLE,15
281864,GOOGLE,14
1708016,GOOGLE,21
2043659,GOOGLE,4
2740630,GOOGLE,12
998950,GOOGLE,20
1614161,GOOGLE,2
1793458,GOOGLE,17
3527424,GOOGLE,17
3086668,GOOGLE,19
327376,GOOGLE,1
184248,GOOGLE,12
3021249,GOOGLE,31
3429581,GOOGLE,4
1144433,GOOGLE,21
469313,GOOGLE,25
936736,GOOGLE,4
857812,GOOGLE,23
2265365,GOOGLE,2
2133967,GOOGLE,1
964847,GOOGLE,28
1872348,GOOGLE,4
1572005,GOOGLE,1
586362,GOOGLE,2
2038563,GOOGLE,4
1887180,GOOGLE,24
1368519,GOOGLE,23
2162732,GOOGLE,4
2843148,GOOGLE,15
2541515,GOOGLE,15
369524,GOOGLE,1
2816439,GOOGLE,12
2924438,GOOGLE,3
3527405,GOOGLE,12
3202205,GOOGLE,1
1646297,GOOGLE,2
683297,GOOGLE,20
1020229,GOOGLE,1
2033995,GOOGLE,7
1482318,GOOGLE,1
2963878,GOOGLE,9
1558253,GOOGLE,7
3493371,GOOGLE,17
3568344,GOOGLE,14
3435810,GOOGLE,4
1739093,GOOGLE,1
21103,GOOGLE,1
2002793,GOOGLE,2
616748,GOOGLE,3
706782,GOOGLE,4
592034,GOOGLE,12
1696327,GOOGLE,31
150837,GOOGLE,12
1415263,GOOGLE,18
28344,GOOGLE,1
3348118,GOOGLE,1
991755,GOOGLE,17
1096018,GOOGLE,8
1228823,GOOGLE,12
3045256,GOOGLE,17
1407047,GOOGLE,24
1394257,GOOGLE,28
2843151,GOOGLE,11
3144395,GOOGLE,4
749790,GOOGLE,12
2181605,GOOGLE,28
431686,GOOGLE,6
1433057,GOOGLE,13
3540355,GOOGLE,26
1771482,GOOGLE,1
458723,GOOGLE,1
2806485,GOOGLE,4
751934,GOOGLE,17
23344,GOOGLE,11
3577265,GOOGLE,11
2312773,GOOGLE,1
2876240,GOOGLE,1
1489123,GOOGLE,23
1272289,GOOGLE,14
1139672,GOOGLE,23
2425317,GOOGLE,15
3216405,GOOGLE,15
1262662,GOOGLE,1
2107441,GOOGLE,19
3023229,GOOGLE,4
2047721,GOOGLE,1
2562254,GOOGLE,1
877703,GOOGLE,19
237430,GOOGLE,9
2679528,GOOGLE,1
2860082,GOOGLE,1
1561058,GOOGLE,20
1691597,GOOGLE,13
470620,GOOGLE,12
1383655,GOOGLE,28
2918202,GOOGLE_MAPS,4
1480821,GOOGLE_MAPS,2
1426630,GOOGLE_MAPS,24
2070326,GOOGLE_MAPS,19
3274034,GOOGLE_MAPS,4
2279052,GOOGLE_MAPS,19
3066247,GOOGLE_MAPS,18
1137137,GOOGLE_MAPS,14
2679738,GOOGLE_MAPS,21
3374814,GOOGLE_MAPS,1
805514,GOOGLE_MAPS,6
2967290,GOOGLE_MAPS,6
3359574,GOOGLE_MAPS,7
1615080,GOOGLE_MAPS,25
2279121,GOOGLE_MAPS,7
1226589,GOOGLE_MAPS,7
1859639,GOOGLE_MAPS,1
1273102,GOOGLE_MAPS,3
3410823,GOOGLE_MAPS,23
2065909,GOOGLE_MAPS,12
1998654,GOOGLE_MAPS,1
1212385,GOOGLE_MAPS,7
2561541,GOOGLE_MAPS,11
3064168,GOOGLE_MAPS,13
2486453,GOOGLE_MAPS,1
1147988,GOOGLE_MAPS,14
3378080,GOOGLE_MAPS,9
2561550,GOOGLE_MAPS,17
2181913,GOOGLE_MAPS,19
698250,GOOGLE_MAPS,8
2279081,GOOGLE_MAPS,18
742015,GOOGLE_MAPS,21
2924442,GOOGLE_MAPS,31
1989580,GOOGLE_MAPS,3
51355,GOOGLE_MAPS,20
2065766,GOOGLE_MAPS,1
2142121,GOOGLE_MAPS,1
2584747,GOOGLE_MAPS,26
1126031,GOOGLE_MAPS,28
1226591,GOOGLE_MAPS,24
2805711,GOOGLE_MAPS,2
3410910,GOOGLE_MAPS,4
745622,GOOGLE_MAPS,20
901432,GOOGLE_MAPS,1
2279083,GOOGLE_MAPS,9
2960851,GOOGLE_MAPS,2
1226592,GOOGLE_MAPS,11
1989669,GOOGLE_MAPS,4
1406130,GOOGLE_MAPS,3
1438332,GOOGLE_MAPS,24
1516252,GOOGLE_MAPS,1
2927169,GOOGLE_MAPS,17
1347663,GOOGLE_MAPS,15
3147151,GOOGLE_MAPS,1
3449519,GOOGLE_MAPS,12
1438340,GOOGLE_MAPS,1
3410852,GOOGLE_MAPS,1
2561654,GOOGLE_MAPS,1
1518523,GOOGLE_MAPS,2
812952,GOOGLE_MAPS,8
2740758,GOOGLE_MAPS,1
819494,GOOGLE_MAPS,2
2560841,GOOGLE_MAPS,6
1426952,GOOGLE_MAPS,24
3556669,GOOGLE_MAPS,6
1998416,GOOGLE_MAPS,1
1472085,GOOGLE_MAPS,3
1518433,GOOGLE_MAPS,2
3472062,GOOGLE_MAPS,24
3359512,GOOGLE_MAPS,3
2112242,GOOGLE_MAPS,17
2606350,GOOGLE_MAPS,9
1474153,GOOGLE_MAPS,20
977255,GOOGLE_MAPS,12
1439897,GOOGLE_MAPS,1
3371247,GOOGLE_MAPS,25
3410897,GOOGLE_MAPS,4
1407553,GOOGLE_MAPS,23
2967318,GOOGLE_MAPS,12
1356186,GOOGLE_MAPS,5
1438937,GOOGLE_MAPS,1
758729,GOOGLE_MAPS,1
1496427,GOOGLE_MAPS,3
3359610,GOOGLE_MAPS,13
1413681,GOOGLE_MAPS,7
1426950,GOOGLE_MAPS,24
2301166,GOOGLE_MAPS,6
1413923,GOOGLE_MAPS,12
2279095,GOOGLE_MAPS,7
2321982,GOOGLE_MAPS,13
3442742,GOOGLE_MAPS,11
3219226,GOOGLE_MAPS,17
2279123,GOOGLE_MAPS,7
3377889,GOOGLE_MAPS,4
1205537,GOOGLE_MAPS,1
3442976,GOOGLE_MAPS,9
2142099,GOOGLE_MAPS,9
874269,GOOGLE_MAPS,31
3363567,GOOGLE_MAPS,1
898369,GOOGLE_MAPS,4
2470009,HTTP,1
1134105,HTTP,4
2449019,HTTP,15
3265698,HTTP,1
6291,HTTP,12
1784887,HTTP,24
1135739,HTTP,1
1295483,HTTP,4
1796514,HTTP,1
148827,HTTP,2
2463538,HTTP,1
2439037,HTTP,33
865864,HTTP,9
2626524,HTTP,4
1295117,HTTP,4
3229517,HTTP,30
2446985,HTTP,1
622192,HTTP,2
3518012,HTTP,4
1601442,HTTP,1
1454556,HTTP,1
666637,HTTP,2
2717610,HTTP,7
2236942,HTTP,4
1299289,HTTP,1
3405479,HTTP,4
916125,HTTP,1
795991,HTTP,1
653337,HTTP,1
915863,HTTP,1
2861125,HTTP,1
2495492,HTTP,1
671852,HTTP,4
1056021,HTTP,4
1942987,HTTP,17
2460407,HTTP,14
211232,HTTP,1
382005,HTTP,1
1055193,HTTP,1
2238062,HTTP,4
3112257,HTTP,4
2346964,HTTP,11
3261015,HTTP,2
3088918,HTTP,3
3263855,HTTP,28
105348,HTTP,5
2154326,HTTP,9
1153692,HTTP,1
2414567,HTTP,2
1552854,HTTP,1
2092966,HTTP,1
512197,HTTP,1
656643,HTTP,4
908609,HTTP,1
3444027,HTTP,7
2736621,HTTP,3
743886,HTTP,1
1302936,HTTP,1
2087569,HTTP,4
1303593,HTTP,4
1409859,HTTP,4
1312657,HTTP,4
2917432,HTTP,1
1962702,HTTP,1
1134603,HTTP,14
785377,HTTP,1
2381896,HTTP,5
2020729,HTTP,8
1524712,HTTP,3
1060034,HTTP,4
1582334,HTTP,1
1722364,HTTP,2
22301,HTTP,9
297800,HTTP,4
1134413,HTTP,2
3113554,HTTP,4
6547,HTTP,4
2525010,HTTP,3
905065,HTTP,1
1555576,HTTP,1
1567208,HTTP,4
293467,HTTP,1
2432699,HTTP,7
659983,HTTP,1
217175,HTTP,4
1724422,HTTP,3
1306613,HTTP,4
778726,HTTP,4
2057792,HTTP,1
853176,HTTP,2
913043,HTTP,1
1900223,HTTP,4
1171353,HTTP,4
1607492,HTTP,14
3488292,HTTP,5
912568,HTTP,4
381642,HTTP,1
3113188,HTTP,4
2228489,HTTP,4
2128067,HTTP,5
1256152,HTTP_CONNECT,4
1863726,HTTP_CONNECT,14
3532913,HTTP_CONNECT,13
3163442,HTTP_CONNECT,7
3165881,HTTP_CONNECT,7
1329225,HTTP_CONNECT,2
2982189,HTTP_CONNECT,1
424816,HTTP_CONNECT,2
556842,HTTP_CONNECT,7
3151941,HTTP_CONNECT,25
2830282,HTTP_CONNECT,18
2663330,HTTP_CONNECT,4
1663737,HTTP_CONNECT,13
543339,HTTP_CONNECT,17
1875684,HTTP_CONNECT,28
812245,HTTP_CONNECT,18
440875,HTTP_CONNECT,4
2246429,HTTP_CONNECT,25
2787056,HTTP_CONNECT,5
3543042,HTTP_CONNECT,20
1673637,HTTP_CONNECT,25
2149228,HTTP_CONNECT,7
46213,HTTP_CONNECT,17
1653439,HTTP_CONNECT,8
82321,HTTP_CONNECT,2
1708824,HTTP_CONNECT,17
1816884,HTTP_CONNECT,1
679381,HTTP_CONNECT,2
2777920,HTTP_CONNECT,4
2781521,HTTP_CONNECT,7
57905,HTTP_CONNECT,15
3019968,HTTP_CONNECT,6
405959,HTTP_CONNECT,6
3311974,HTTP_CONNECT,8
1206611,HTTP_CONNECT,6
543259,HTTP_CONNECT,12
2938043,HTTP_CONNECT,5
1484039,HTTP_CONNECT,3
825126,HTTP_CONNECT,20
2525323,HTTP_CONNECT,3
817735,HTTP_CONNECT,1
559255,HTTP_CONNECT,17
3171169,HTTP_CONNECT,7
1355416,HTTP_CONNECT,6
1841821,HTTP_CONNECT,18
3309314,HTTP_CONNECT,1
2965614,HTTP_CONNECT,1
2955894,HTTP_CONNECT,6
818112,HTTP_CONNECT,1
1876341,HTTP_CONNECT,20
1105278,HTTP_CONNECT,6
3003436,HTTP_CONNECT,2
2830153,HTTP_CONNECT,5
1070958,HTTP_CONNECT,28
2354705,HTTP_CONNECT,2
717529,HTTP_CONNECT,7
1636398,HTTP_CONNECT,3
654148,HTTP_CONNECT,1
1502906,HTTP_CONNECT,3
45165,HTTP_CONNECT,17
818238,HTTP_CONNECT,13
1089967,HTTP_CONNECT,4
421878,HTTP_CONNECT,17
1499773,HTTP_CONNECT,24
2487126,HTTP_CONNECT,4
1652207,HTTP_CONNECT,3
64089,HTTP_CONNECT,6
557718,HTTP_CONNECT,17
439837,HTTP_CONNECT,13
1702947,HTTP_CONNECT,1
691273,HTTP_CONNECT,8
2371773,HTTP_CONNECT,2
247355,HTTP_CONNECT,4
3002280,HTTP_CONNECT,20
3428782,HTTP_CONNECT,4
2128333,HTTP_CONNECT,24
943321,HTTP_CONNECT,7
443789,HTTP_CONNECT,17
936559,HTTP_CONNECT,11
1337514,HTTP_CONNECT,1
3452522,HTTP_CONNECT,18
557994,HTTP_CONNECT,1
1636611,HTTP_CONNECT,2
2534120,HTTP_CONNECT,1
541531,HTTP_CONNECT,3
3431141,HTTP_CONNECT,3
1858100,HTTP_CONNECT,1
1675667,HTTP_CONNECT,1
1511730,HTTP_CONNECT,7
3438026,HTTP_CONNECT,25
2823949,HTTP_CONNECT,26
3155772,HTTP_CONNECT,1
2465377,HTTP_CONNECT,23
2818705,HTTP_CONNECT,1
1478756,HTTP_CONNECT,19
2793812,HTTP_CONNECT,1
1111422,HTTP_CONNECT,20
251851,HTTP_CONNECT,20
1806338,HTTP_CONNECT,28
2791492,HTTP_CONNECT,9
2391935,HTTP_DOWNLOAD,5
2543733,HTTP_DOWNLOAD,1
1863681,HTTP_DOWNLOAD,2
3543742,HTTP_DOWNLOAD,8
153291,HTTP_DOWNLOAD,1
2365639,HTTP_DOWNLOAD,4
1436584,HTTP_DOWNLOAD,1
1779400,HTTP_DOWNLOAD,1
1722493,HTTP_DOWNLOAD,1
1496260,HTTP_DOWNLOAD,4
3026108,HTTP_DOWNLOAD,4
153290,HTTP_DOWNLOAD,7
71407,HTTP_DOWNLOAD,4
307388,HTTP_DOWNLOAD,2
2927458,HTTP_DOWNLOAD,14
231921,HTTP_DOWNLOAD,2
2540583,HTTP_DOWNLOAD,4
2108836,HTTP_DOWNLOAD,5
3430027,HTTP_DOWNLOAD,2
1863884,HTTP_DOWNLOAD,1
1230344,HTTP_DOWNLOAD,14
2950276,HTTP_DOWNLOAD,2
2408446,HTTP_DOWNLOAD,11
1683536,HTTP_DOWNLOAD,4
1157299,HTTP_DOWNLOAD,18
71387,HTTP_DOWNLOAD,11
2304567,HTTP_DOWNLOAD,3
1496246,HTTP_DOWNLOAD,11
1399961,HTTP_DOWNLOAD,3
2304667,HTTP_DOWNLOAD,3
621000,HTTP_DOWNLOAD,6
2950240,HTTP_DOWNLOAD,11
285710,HTTP_DOWNLOAD,15
706987,HTTP_DOWNLOAD,4
2311595,HTTP_DOWNLOAD,4
2408060,HTTP_DOWNLOAD,3
100922,HTTP_DOWNLOAD,23
188857,HTTP_DOWNLOAD,4
2688153,HTTP_DOWNLOAD,2
1001422,HTTP_DOWNLOAD,2
2388327,HTTP_DOWNLOAD,1
2168918,HTTP_DOWNLOAD,5
2006623,HTTP_DOWNLOAD,11
1003756,HTTP_DOWNLOAD,1
2277410,HTTP_DOWNLOAD,14
2409531,HTTP_DOWNLOAD,3
615592,HTTP_DOWNLOAD,4
1684368,HTTP_DOWNLOAD,1
2412892,HTTP_DOWNLOAD,1
1437378,HTTP_DOWNLOAD,1
2928079,HTTP_DOWNLOAD,11
485271,HTTP_DOWNLOAD,11
2304514,HTTP_DOWNLOAD,3
2856818,HTTP_DOWNLOAD,2
293617,HTTP_DOWNLOAD,18
1914534,HTTP_DOWNLOAD,1
2144649,HTTP_DOWNLOAD,4
2880265,HTTP_DOWNLOAD,1
2708431,HTTP_DOWNLOAD,2
2304672,HTTP_DOWNLOAD,3
2305096,HTTP_DOWNLOAD,11
2199385,HTTP_DOWNLOAD,1
726248,HTTP_DOWNLOAD,5
679562,HTTP_DOWNLOAD,7
1626714,HTTP_DOWNLOAD,1
2408059,HTTP_DOWNLOAD,3
2880262,HTTP_DOWNLOAD,8
828935,HTTP_DOWNLOAD,1
679544,HTTP_DOWNLOAD,7
272732,HTTP_DOWNLOAD,2
2413273,HTTP_DOWNLOAD,17
3026127,HTTP_DOWNLOAD,3
2144476,HTTP_DOWNLOAD,5
1405372,HTTP_DOWNLOAD,5
3430028,HTTP_DOWNLOAD,4
2365645,HTTP_DOWNLOAD,1
3041075,HTTP_DOWNLOAD,1
2305495,HTTP_DOWNLOAD,3
71389,HTTP_DOWNLOAD,5
1595067,HTTP_DOWNLOAD,4
2306395,HTTP_DOWNLOAD,11
153250,HTTP_DOWNLOAD,1
1863850,HTTP_DOWNLOAD,11
153249,HTTP_DOWNLOAD,6
1098397,HTTP_DOWNLOAD,4
1387356,HTTP_DOWNLOAD,7
724311,HTTP_DOWNLOAD,2
2834596,HTTP_DOWNLOAD,1
1863680,HTTP_DOWNLOAD,6
232045,HTTP_DOWNLOAD,14
1496253,HTTP_DOWNLOAD,5
1012985,HTTP_DOWNLOAD,11
3013048,HTTP_DOWNLOAD,6
161101,HTTP_DOWNLOAD,11
2245933,HTTP_DOWNLOAD,5
2305232,HTTP_DOWNLOAD,3
154893,HTTP_DOWNLOAD,3
2208799,HTTP_DOWNLOAD,1
2143660,HTTP_DOWNLOAD,4
1780841,HTTP_DOWNLOAD,12
1460958,HTTP_PROXY,4
416484,HTTP_PROXY,22
1051824,HTTP_PROXY,1
3421336,HTTP_PROXY,14
2946747,HTTP_PROXY,3
2012311,HTTP_PROXY,2
2397141,HTTP_PROXY,15
2849291,HTTP_PROXY,11
1360765,HTTP_PROXY,4
1705909,HTTP_PROXY,11
3028739,HTTP_PROXY,17
1889893,HTTP_PROXY,1
222095,HTTP_PROXY,19
1610356,HTTP_PROXY,6
961132,HTTP_PROXY,3
1663465,HTTP_PROXY,2
2825941,HTTP_PROXY,3
2127685,HTTP_PROXY,16
109393,HTTP_PROXY,1
2101666,HTTP_PROXY,31
767757,HTTP_PROXY,23
1459987,HTTP_PROXY,4
1172569,HTTP_PROXY,16
2686422,HTTP_PROXY,6
1369476,HTTP_PROXY,5
1836537,HTTP_PROXY,2
1096110,HTTP_PROXY,2
1515231,HTTP_PROXY,1
1256246,HTTP_PROXY,28
3334829,HTTP_PROXY,22
3514517,HTTP_PROXY,1
2133899,HTTP_PROXY,12
3392090,HTTP_PROXY,4
273573,HTTP_PROXY,6
1211231,HTTP_PROXY,1
3330646,HTTP_PROXY,16
107793,HTTP_PROXY,4
268951,HTTP_PROXY,2
2831049,HTTP_PROXY,2
535635,HTTP_PROXY,18
90310,HTTP_PROXY,2
977562,HTTP_PROXY,9
3397115,HTTP_PROXY,4
2827895,HTTP_PROXY,8
3195747,HTTP_PROXY,8
1889438,HTTP_PROXY,23
917547,HTTP_PROXY,4
1504498,HTTP_PROXY,14
51777,HTTP_PROXY,7
2964048,HTTP_PROXY,2
2624910,HTTP_PROXY,13
266949,HTTP_PROXY,1
2776836,HTTP_PROXY,22
236433,HTTP_PROXY,3
2348014,HTTP_PROXY,16
1379380,HTTP_PROXY,2
3251345,HTTP_PROXY,28
1123479,HTTP_PROXY,31
2498629,HTTP_PROXY,11
686490,HTTP_PROXY,20
789163,HTTP_PROXY,1
3306820,HTTP_PROXY,5
278824,HTTP_PROXY,5
2509613,HTTP_PROXY,2
3512257,HTTP_PROXY,5
2502976,HTTP_PROXY,2
1820284,HTTP_PROXY,5
2355507,HTTP_PROXY,4
2969536,HTTP_PROXY,4
230380,HTTP_PROXY,19
806525,HTTP_PROXY,2
833799,HTTP_PROXY,4
2094582,HTTP_PROXY,16
1833642,HTTP_PROXY,1
2624930,HTTP_PROXY,1
1478297,HTTP_PROXY,11
924761,HTTP_PROXY,13
529992,HTTP_PROXY,4
1955056,HTTP_PROXY,4
961337,HTTP_PROXY,3
1949853,HTTP_PROXY,9
1694303,HTTP_PROXY,8
576455,HTTP_PROXY,5
1606169,HTTP_PROXY,8
3550468,HTTP_PROXY,8
1973374,HTTP_PROXY,28
1042582,HTTP_PROXY,1
2013887,HTTP_PROXY,2
1221459,HTTP_PROXY,11
271909,HTTP_PROXY,6
2394423,HTTP_PROXY,21
2133373,HTTP_PROXY,15
2385829,HTTP_PROXY,14
3556135,HTTP_PROXY,5
2937125,HTTP_PROXY,15
2024830,HTTP_PROXY,13
238143,HTTP_PROXY,7
3142335,HTTP_PROXY,24
3105387,HTTP_PROXY,26
703677,HTTP_PROXY,2
1901532,INSTAGRAM,15
744834,INSTAGRAM,4
853622,INSTAGRAM,14
1006826,INSTAGRAM,2
3345684,INSTAGRAM,15
886661,INSTAGRAM,1
3436677,INSTAGRAM,19
1259963,INSTAGRAM,2
863664,INSTAGRAM,2
3474893,INSTAGRAM,7
1006923,INSTAGRAM,2
1364982,INSTAGRAM,9
3241128,INSTAGRAM,21
1364991,INSTAGRAM,2
1006831,INSTAGRAM,2
3059421,INSTAGRAM,4
3416530,INSTAGRAM,1
1884392,INSTAGRAM,23
235845,INSTAGRAM,1
863833,INSTAGRAM,2
236387,INSTAGRAM,20
2722722,INSTAGRAM,4
1978478,INSTAGRAM,11
236406,INSTAGRAM,19
863949,INSTAGRAM,2
1006682,INSTAGRAM,2
3438746,INSTAGRAM,1
857942,INSTAGRAM,8
3344312,INSTAGRAM,2
3345496,INSTAGRAM,15
1477944,INSTAGRAM,11
1825519,INSTAGRAM,7
852825,INSTAGRAM,8
1501792,INSTAGRAM,7
1006595,INSTAGRAM,2
3554709,INSTAGRAM,7
2953497,INSTAGRAM,11
1721967,INSTAGRAM,14
1876914,INSTAGRAM,11
1007491,INSTAGRAM,2
857710,INSTAGRAM,4
1725986,INSTAGRAM,2
1259967,INSTAGRAM,2
1006882,INSTAGRAM,2
1759593,INSTAGRAM,8
1444365,INSTAGRAM,11
235325,INSTAGRAM,1
3555014,INSTAGRAM,1
1111752,INSTAGRAM,3
3448322,INSTAGRAM,11
886759,INSTAGRAM,1
978086,INSTAGRAM,11
1007297,INSTAGRAM,2
3349663,INSTAGRAM,15
1544237,INSTAGRAM,6
2901124,INSTAGRAM,9
853499,INSTAGRAM,8
3492653,INSTAGRAM,24
1259985,INSTAGRAM,2
1721517,INSTAGRAM,14
1005534,INSTAGRAM,14
3438735,INSTAGRAM,1
1901783,INSTAGRAM,15
3454499,INSTAGRAM,3
1111754,INSTAGRAM,3
1006880,INSTAGRAM,2
1876683,INSTAGRAM,9
1724132,INSTAGRAM,4
1006854,INSTAGRAM,2
1007505,INSTAGRAM,2
3438728,INSTAGRAM,1
3241839,INSTAGRAM,1
1825563,INSTAGRAM,11
3344625,INSTAGRAM,14
856033,INSTAGRAM,8
3346452,INSTAGRAM,15
1259960,INSTAGRAM,2
3436703,INSTAGRAM,1
2670902,INSTAGRAM,4
1831995,INSTAGRAM,5
1825580,INSTAGRAM,28
3448320,INSTAGRAM,11
1719659,INSTAGRAM,2
3496853,INSTAGRAM,4
1006583,INSTAGRAM,2
1006803,INSTAGRAM,2
863545,INSTAGRAM,2
1007282,INSTAGRAM,2
3377220,INSTAGRAM,4
3349337,INSTAGRAM,14
978374,INSTAGRAM,11
3436651,INSTAGRAM,11
1111822,INSTAGRAM,9
3454477,INSTAGRAM,3
1259961,INSTAGRAM,2
1006966,INSTAGRAM,2
3074822,INSTAGRAM,31
1007568,INSTAGRAM,2
1259983,INSTAGRAM,4
954136,INSTAGRAM,13
2157999,IP_ICMP,4
989760,IP_ICMP,2
462186,IP_ICMP,2
1257708,IP_ICMP,2
462110,IP_ICMP,5
3327451,IP_ICMP,5
3199277,IP_ICMP,2
2556227,IP_ICMP,1
87792,IP_ICMP,2
1250532,IP_ICMP,5
96677,IP_ICMP,5
308398,IP_ICMP,2
3327432,IP_ICMP,5
293712,IP_ICMP,5
3050975,IP_ICMP,2
1521511,IP_ICMP,4
1895659,IP_ICMP,5
1124646,IP_ICMP,5
2556234,IP_ICMP,5
595056,IP_ICMP,2
1250543,IP_ICMP,2
1124638,IP_ICMP,2
2300150,IP_ICMP,5
2023228,IP_ICMP,2
2704358,IP_ICMP,2
293728,IP_ICMP,5
989761,IP_ICMP,2
3337508,IP_ICMP,2
989781,IP_ICMP,5
2849525,IP_ICMP,5
2844214,IP_ICMP,5
3199284,IP_ICMP,2
293719,IP_ICMP,5
1521505,IP_ICMP,2
594626,IP_ICMP,5
2844202,IP_ICMP,1
101724,IP_ICMP,5
3569911,IP_ICMP,2
2300134,IP_ICMP,5
2704404,IP_ICMP,2
293720,IP_ICMP,2
852610,IP_ICMP,5
1714284,IP_ICMP,2
128438,IP_ICMP,5
129981,IP_ICMP,2
2027571,IP_ICMP,2
844207,IP_ICMP,2
852620,IP_ICMP,2
2696902,IP_ICMP,2
1521525,IP_ICMP,2
2392024,IP_ICMP,2
1119655,IP_ICMP,5
1521508,IP_ICMP,2
595062,IP_ICMP,2
2849539,IP_ICMP,5
1521375,IP_ICMP,2
1257711,IP_ICMP,4
112861,IP_ICMP,4
2556188,IP_ICMP,2
1521466,IP_ICMP,2
3337533,IP_ICMP,2
308190,IP_ICMP,2
3050974,IP_ICMP,5
2027606,IP_ICMP,5
852614,IP_ICMP,2
2392031,IP_ICMP,2
2704376,IP_ICMP,5
3337534,IP_ICMP,2
2158016,IP_ICMP,2
2556184,IP_ICMP,2
2300124,IP_ICMP,2
3569918,IP_ICMP,5
2291050,IP_ICMP,5
308137,IP_ICMP,2
462194,IP_ICMP,5
2392026,IP_ICMP,5
129975,IP_ICMP,2
844216,IP_ICMP,2
1384792,IP_ICMP,2
1384812,IP_ICMP,5
3469274,IP_ICMP,2
308374,IP_ICMP,5
1714206,IP_ICMP,2
1384799,IP_ICMP,2
1521520,IP_ICMP,2
2704397,IP_ICMP,2
2556215,IP_ICMP,2
2844200,IP_ICMP,5
130056,IP_ICMP,5
95334,IP_ICMP,2
2166701,IP_ICMP,5
1384807,IP_ICMP,2
2704370,IP_ICMP,2
1521449,IP_ICMP,2
462150,IP_ICMP,5
595070,IP_ICMP,5
1521537,IP_ICMP,2
3038264,IP_ICMP,5
130047,IP_ICMP,4
2399910,IP_ICMP,2
351484,MICROSOFT,1
2370268,MICROSOFT,13
2799476,MICROSOFT,26
1250147,MICROSOFT,5
882078,MICROSOFT,1
2984918,MICROSOFT,1
1036417,MICROSOFT,20
1395437,MICROSOFT,5
1983788,MICROSOFT,13
1360020,MICROSOFT,2
1765044,MICROSOFT,1
2637557,MICROSOFT,14
184142,MICROSOFT,8
3555817,MICROSOFT,8
977239,MICROSOFT,7
312866,MICROSOFT,7
1810783,MICROSOFT,8
434249,MICROSOFT,22
2513898,MICROSOFT,7
1336906,MICROSOFT,23
586705,MICROSOFT,7
2913057,MICROSOFT,1
1370987,MICROSOFT,20
1336922,MICROSOFT,1
1599766,MICROSOFT,24
1979214,MICROSOFT,6
1099539,MICROSOFT,2
2991492,MICROSOFT,12
1226731,MICROSOFT,1
1161467,MICROSOFT,1
1669336,MICROSOFT,13
2991369,MICROSOFT,7
1891094,MICROSOFT,14
2708057,MICROSOFT,1
1257808,MICROSOFT,6
407685,MICROSOFT,4
1557794,MICROSOFT,15
1987392,MICROSOFT,6
1552772,MICROSOFT,4
358109,MICROSOFT,1
3021749,MICROSOFT,15
2817778,MICROSOFT,21
1036676,MICROSOFT,1
874321,MICROSOFT,4
3296274,MICROSOFT,26
222638,MICROSOFT,7
3227174,MICROSOFT,25
3526379,MICROSOFT,14
362223,MICROSOFT,14
1015492,MICROSOFT,8
3209700,MICROSOFT,1
434203,MICROSOFT,22
291835,MICROSOFT,1
1347050,MICROSOFT,13
2975427,MICROSOFT,5
356585,MICROSOFT,1
1557796,MICROSOFT,14
160747,MICROSOFT,3
1700619,MICROSOFT,8
200494,MICROSOFT,1
445505,MICROSOFT,1
3095240,MICROSOFT,1
1675223,MICROSOFT,19
1425030,MICROSOFT,5
133257,MICROSOFT,8
3064113,MICROSOFT,18
1412463,MICROSOFT,11
2259468,MICROSOFT,23
2940296,MICROSOFT,1
336550,MICROSOFT,25
2443871,MICROSOFT,25
1417079,MICROSOFT,6
2890359,MICROSOFT,5
1467834,MICROSOFT,2
358100,MICROSOFT,13
1995026,MICROSOFT,31
2386997,MICROSOFT,19
248908,MICROSOFT,13
1576348,MICROSOFT,12
2324326,MICROSOFT,1
868733,MICROSOFT,14
1556898,MICROSOFT,14
2172561,MICROSOFT,14
688492,MICROSOFT,5
1643918,MICROSOFT,6
1493505,MICROSOFT,5
480847,MICROSOFT,1
1898212,MICROSOFT,3
3411879,MICROSOFT,15
3482182,MICROSOFT,15
1536825,MICROSOFT,6
1145014,MICROSOFT,13
941518,MICROSOFT,7
1667256,MICROSOFT,4
543137,MICROSOFT,26
2186798,MICROSOFT,15
1782429,MICROSOFT,8
11847,MICROSOFT,7
1222978,MICROSOFT,1
396437,MICROSOFT,8
136804,MQTT,5
1291954,MQTT,6
2478560,MQTT,32
2482948,MQTT,19
1059015,MQTT,32
3495786,MQTT,4
1417270,MQTT,7
2062293,MQTT,1
2896853,MQTT,6
2751425,MQTT,1
1019170,MQTT,2
2407778,MQTT,11
1741307,MQTT,11
857289,MQTT,5
2446010,MQTT,1
470696,MQTT,11
2482949,MQTT,30
2635379,MQTT,30
2068090,MQTT,8
1291955,MQTT,1
2041419,MQTT,5
1287446,MQTT,8
2040352,MQTT,2
3471324,MQTT,1
1902780,MQTT,1
2201425,MQTT,6
2177725,MQTT,11
2861962,MQTT,5
2866828,MQTT,1
2273097,MQTT,5
1905136,MQTT,11
2736826,MQTT,8
2627763,MQTT,32
1164046,MQTT,3
2038722,MQTT,11
2701328,MQTT,30
859180,MQTT,1
2068092,MQTT,1
1560877,MQTT,11
2040527,MQTT,3
2654504,MQTT,4
3473568,MQTT,4
857466,MQTT,2
2482952,MQTT,30
1057405,MQTT,32
37713,MQTT,7
2305463,MQTT,4
2476572,MQTT,16
3490674,MQTT,6
876086,MQTT,11
472410,MQTT,5
492569,MQTT,1
2452791,MQTT,8
856880,MQTT,11
1927013,MQTT,1
727362,MQTT,1
2065731,MQTT,13
2482947,MQTT,30
2482946,MQTT,30
2635381,MQTT,33
1902914,MQTT,1
2171466,MQTT,1
2722249,MQTT,1
1521844,MQTT,11
2052771,MQTT,15
1116734,MQTT,32
2751424,MQTT,6
2553452,MQTT,30
29408,MQTT,11
1116729,MQTT,32
2482951,MQTT,30
2736827,MQTT,1
2654549,MQTT,2
1896159,MQTT,5
2203691,MQTT,8
2305462,MQTT,2
2304374,MQTT,5
2630148,MQTT,32
2635377,MQTT,30
1896034,MQTT,11
2190766,MQTT,1
1717834,MQTT,11
2581222,MQTT,11
1718620,MQTT,11
1786205,MQTT,6
2896870,MQTT,1
2403960,MQTT,5
2654550,MQTT,4
2776573,MQTT,1
480260,MQTT,5
3475317,MQTT,5
2709886,MQTT,5
1130630,MQTT,11
1149524,MQTT,11
2300559,MQTT,5
617135,MQTT,11
2409694,MQTT,2
812188,MQTT,11
1287447,MQTT,1
2039019,MQTT,5
1590106,MSN,1
3374929,MSN,1
1900699,MSN,5
3443561,MSN,6
2858161,MSN,6
2400821,MSN,3
1992118,MSN,1
884807,MSN,17
1258296,MSN,6
475754,MSN,11
3445335,MSN,3
2749628,MSN,15
473096,MSN,3
1659678,MSN,7
1912147,MSN,3
463181,MSN,3
884183,MSN,1
1636581,MSN,8
2172997,MSN,11
2880786,MSN,7
1601316,MSN,1
1636256,MSN,18
3126097,MSN,1
2599717,MSN,1
3075486,MSN,11
1726071,MSN,2
1133632,MSN,11
182290,MSN,1
2558034,MSN,5
3057204,MSN,3
2684750,MSN,1
2598289,MSN,4
2265149,MSN,15
170233,MSN,1
137776,MSN,11
3139670,MSN,6
3531140,MSN,8
2502752,MSN,2
3237463,MSN,1
2148508,MSN,18
1227739,MSN,23
607569,MSN,1
2065200,MSN,18
1426177,MSN,28
94813,MSN,1
101672,MSN,1
3444681,MSN,5
3566458,MSN,1
139934,MSN,3
2870763,MSN,14
359348,MSN,15
1470046,MSN,5
1755466,MSN,28
1804326,MSN,12
2519581,MSN,25
1033976,MSN,18
1709002,MSN,18
1321782,MSN,17
2141793,MSN,4
596616,MSN,3
2366981,MSN,1
572154,MSN,2
239502,MSN,13
1633164,MSN,11
1647806,MSN,15
1356823,MSN,1
619002,MSN,1
186838,MSN,20
2920877,MSN,1
1269083,MSN,5
730288,MSN,3
1037667,MSN,1
3191417,MSN,3
1670352,MSN,2
3341341,MSN,6
2892358,MSN,3
1923131,MSN,1
884860,MSN,1
1687554,MSN,4
2750393,MSN,1
154500,MSN,15
2829634,MSN,20
1831006,MSN,5
1033259,MSN,13
435120,MSN,28
1764353,MSN,1
357165,MSN,1
1595430,MSN,15
2595201,MSN,1
3517532,MSN,4
2688084,MSN,9
141181,MSN,14
475170,MSN,3
1804734,MSN,13
2899352,MSN,1
1395658,MSN,3
1644770,MSN,7
326764,MSN,13
1647785,MSN,1
1221329,MSN,5
1115789,MS_ONE_DRIVE,4
2188699,MS_ONE_DRIVE,17
500023,MS_ONE_DRIVE,2
173323,MS_ONE_DRIVE,18
1164326,MS_ONE_DRIVE,1
225570,MS_ONE_DRIVE,3
1390136,MS_ONE_DRIVE,1
1277283,MS_ONE_DRIVE,1
1433477,MS_ONE_DRIVE,1
3159227,MS_ONE_DRIVE,14
3491163,MS_ONE_DRIVE,1
3453640,MS_ONE_DRIVE,23
3476522,MS_ONE_DRIVE,14
3364003,MS_ONE_DRIVE,1
3192962,MS_ONE_DRIVE,3
3204979,MS_ONE_DRIVE,3
1809563,MS_ONE_DRIVE,4
1731142,MS_ONE_DRIVE,1
456533,MS_ONE_DRIVE,33
1757546,MS_ONE_DRIVE,5
3314046,MS_ONE_DRIVE,15
3362857,MS_ONE_DRIVE,18
1388713,MS_ONE_DRIVE,13
615055,MS_ONE_DRIVE,3
1900908,MS_ONE_DRIVE,3
308536,MS_ONE_DRIVE,25
1270658,MS_ONE_DRIVE,3
2308936,MS_ONE_DRIVE,3
2736281,MS_ONE_DRIVE,17
329930,MS_ONE_DRIVE,9
1564054,MS_ONE_DRIVE,19
883519,MS_ONE_DRIVE,1
353485,MS_ONE_DRIVE,14
1588205,MS_ONE_DRIVE,1
3560877,MS_ONE_DRIVE,7
1733458,MS_ONE_DRIVE,1
1929683,MS_ONE_DRIVE,1
1431993,MS_ONE_DRIVE,1
500213,MS_ONE_DRIVE,1
3453656,MS_ONE_DRIVE,31
1024725,MS_ONE_DRIVE,1
760266,MS_ONE_DRIVE,25
1548531,MS_ONE_DRIVE,3
3453668,MS_ONE_DRIVE,1
142626,MS_ONE_DRIVE,3
2030408,MS_ONE_DRIVE,3
1757533,MS_ONE_DRIVE,9
1156845,MS_ONE_DRIVE,18
841535,MS_ONE_DRIVE,9
1412613,MS_ONE_DRIVE,3
3086384,MS_ONE_DRIVE,1
1431090,MS_ONE_DRIVE,1
3493825,MS_ONE_DRIVE,6
3362858,MS_ONE_DRIVE,1
139815,MS_ONE_DRIVE,23
361624,MS_ONE_DRIVE,18
2415186,MS_ONE_DRIVE,3
1564555,MS_ONE_DRIVE,1
2904237,MS_ONE_DRIVE,14
3497634,MS_ONE_DRIVE,15
579049,MS_ONE_DRIVE,17
3351433,MS_ONE_DRIVE,11
2878948,MS_ONE_DRIVE,11
319029,MS_ONE_DRIVE,3
610578,MS_ONE_DRIVE,11
1548217,MS_ONE_DRIVE,5
980846,MS_ONE_DRIVE,21
1547894,MS_ONE_DRIVE,3
3482969,MS_ONE_DRIVE,18
1736011,MS_ONE_DRIVE,3
1284238,MS_ONE_DRIVE,1
500390,MS_ONE_DRIVE,1
3560863,MS_ONE_DRIVE,14
1284273,MS_ONE_DRIVE,8
1708999,MS_ONE_DRIVE,4
1386879,MS_ONE_DRIVE,16
1148266,MS_ONE_DRIVE,1
1763084,MS_ONE_DRIVE,1
1152472,MS_ONE_DRIVE,17
1747756,MS_ONE_DRIVE,3
3241108,MS_ONE_DRIVE,1
857758,MS_ONE_DRIVE,8
3219946,MS_ONE_DRIVE,3
184175,MS_ONE_DRIVE,25
1258809,MS_ONE_DRIVE,3
1795713,MS_ONE_DRIVE,1
2482299,MS_ONE_DRIVE,1
320038,MS_ONE_DRIVE,3
723493,MS_ONE_DRIVE,11
1597475,MS_ONE_DRIVE,1
334094,MS_ONE_DRIVE,25
746170,MS_ONE_DRIVE,6
1110096,MS_ONE_DRIVE,15
498133,MS_ONE_DRIVE,11
1115790,MS_ONE_DRIVE,1
1431089,MS_ONE_DRIVE,14
1523330,MS_ONE_DRIVE,11
2561056,MS_ONE_DRIVE,21
3212915,MS_ONE_DRIVE,8
333933,MS_ONE_DRIVE,16
2911639,NETFLIX,18
2400549,NETFLIX,3
2252299,NETFLIX,2
1500459,NETFLIX,3
2361192,NETFLIX,4
2865651,NETFLIX,6
431321,NETFLIX,12
1232831,NETFLIX,8
613583,NETFLIX,4
234220,NETFLIX,1
3550776,NETFLIX,17
681304,NETFLIX,6
2361057,NETFLIX,6
1582086,NETFLIX,5
187987,NETFLIX,15
940963,NETFLIX,1
1563393,NETFLIX,8
3033214,NETFLIX,21
940906,NETFLIX,15
1652215,NETFLIX,6
2304204,NETFLIX,7
3065613,NETFLIX,6
341981,NETFLIX,1
2911648,NETFLIX,28
616469,NETFLIX,14
608861,NETFLIX,3
887164,NETFLIX,1
940777,NETFLIX,12
697182,NETFLIX,7
1714714,NETFLIX,6
1350577,NETFLIX,1
1281624,NETFLIX,9
1500066,NETFLIX,2
1437216,NETFLIX,5
887269,NETFLIX,1
3065911,NETFLIX,3
965717,NETFLIX,23
254255,NETFLIX,20
332778,NETFLIX,8
234560,NETFLIX,1
1658259,NETFLIX,21
888628,NETFLIX,1
1842634,NETFLIX,15
332791,NETFLIX,8
431355,NETFLIX,7
1157287,NETFLIX,1
940917,NETFLIX,1
608827,NETFLIX,6
368603,NETFLIX,1
2960372,NETFLIX,4
2263548,NETFLIX,28
367984,NETFLIX,3
1573745,NETFLIX,12
3532498,NETFLIX,28
2362126,NETFLIX,6
2180556,NETFLIX,6
405704,NETFLIX,6
881857,NETFLIX,6
1556602,NETFLIX,8
1630979,NETFLIX,1
2362141,NETFLIX,6
1630972,NETFLIX,1
3317854,NETFLIX,1
1428835,NETFLIX,1
885475,NETFLIX,1
1182888,NETFLIX,1
428407,NETFLIX,25
234227,NETFLIX,18
618187,NETFLIX,4
879487,NETFLIX,13
193415,NETFLIX,1
1811533,NETFLIX,2
406038,NETFLIX,3
254533,NETFLIX,2
341978,NETFLIX,20
2195551,NETFLIX,18
482596,NETFLIX,8
1224667,NETFLIX,25
697184,NETFLIX,7
405668,NETFLIX,3
3286684,NETFLIX,11
885324,NETFLIX,31
887265,NETFLIX,20
1437113,NETFLIX,5
3317503,NETFLIX,24
1126881,NETFLIX,7
2911644,NETFLIX,1
187482,NETFLIX,1
887267,NETFLIX,1
613439,NETFLIX,4
1353147,NETFLIX,4
428411,NETFLIX,21
2321545,NETFLIX,20
2252405,NETFLIX,2
3132626,NETFLIX,7
254258,NETFLIX,1
1280486,NETFLIX,9
1350587,NETFLIX,32
1353146,NETFLIX,4
3082089,NETFLIX,14
594244,NTP,2
2179126,NTP,2
3570641,NTP,2
310350,NTP,2
487822,NTP,2
325187,NTP,2
1531559,NTP,2
3087870,NTP,5
1401986,NTP,2
3039312,NTP,2
1600836,NTP,5
2889962,NTP,2
3247291,NTP,5
1020521,NTP,2
1414340,NTP,2
1428406,NTP,5
88017,NTP,2
1427667,NTP,5
1375052,NTP,4
2023825,NTP,5
1012904,NTP,2
1565109,NTP,2
1553769,NTP,2
3344198,NTP,2
3328839,NTP,2
899864,NTP,5
1166226,NTP,5
1787830,NTP,5
1909417,NTP,2
317196,NTP,2
361903,NTP,5
2567042,NTP,2
845097,NTP,5
1720122,NTP,2
2394053,NTP,5
2611157,NTP,5
3186358,NTP,5
494819,NTP,5
2394296,NTP,5
1375573,NTP,5
614197,NTP,2
469888,NTP,2
1038657,NTP,5
3370032,NTP,5
866052,NTP,2
500647,NTP,5
2023293,NTP,2
614630,NTP,2
1013634,NTP,2
178459,NTP,5
2609102,NTP,5
122372,NTP,2
1251856,NTP,5
2198433,NTP,5
2716477,NTP,4
134243,NTP,2
335190,NTP,2
2845032,NTP,5
1941608,NTP,5
2392312,NTP,2
314541,NTP,2
3354924,NTP,2
2878057,NTP,2
467587,NTP,2
2845250,NTP,5
3360578,NTP,2
2307432,NTP,2
3234018,NTP,5
635180,NTP,5
985038,NTP,2
2292452,NTP,5
2291231,NTP,2
294136,NTP,2
327636,NTP,2
1136390,NTP,2
3342722,NTP,2
3038650,NTP,2
1528147,NTP,2
2856395,NTP,2
369005,NTP,5
1569111,NTP,2
1555894,NTP,2
1604797,NTP,5
3367143,NTP,5
2754673,NTP,5
727318,NTP,2
1393642,NTP,2
751680,NTP,5
3329200,NTP,5
1260169,NTP,1
1902477,NTP,2
3353953,NTP,2
2324122,NTP,5
3039657,NTP,2
1416193,NTP,2
2599239,NTP,2
352504,NTP,5
636158,NTP,5
3040174,NTP,2
1022467,NTP,2
3276037,OFFICE_365,9
2634503,OFFICE_365,16
3353014,OFFICE_365,6
394831,OFFICE_365,1
2111700,OFFICE_365,1
1505904,OFFICE_365,5
2158825,OFFICE_365,30
2183621,OFFICE_365,7
2899048,OFFICE_365,8
1006328,OFFICE_365,16
3276219,OFFICE_365,1
394829,OFFICE_365,1
3412454,OFFICE_365,22
3276060,OFFICE_365,22
1887419,OFFICE_365,11
3159989,OFFICE_365,11
1967725,OFFICE_365,1
1557629,OFFICE_365,24
2191107,OFFICE_365,1
537535,OFFICE_365,5
2785130,OFFICE_365,5
360743,OFFICE_365,1
460751,OFFICE_365,5
3412814,OFFICE_365,1
1577683,OFFICE_365,11
1235802,OFFICE_365,7
2403685,OFFICE_365,6
394914,OFFICE_365,22
1235804,OFFICE_365,7
3028973,OFFICE_365,8
3275539,OFFICE_365,19
3212800,OFFICE_365,19
2685374,OFFICE_365,7
1878389,OFFICE_365,11
586703,OFFICE_365,5
1396640,OFFICE_365,23
2644067,OFFICE_365,5
262057,OFFICE_365,1
2745147,OFFICE_365,1
1967696,OFFICE_365,16
1775094,OFFICE_365,1
3527170,OFFICE_365,5
3022225,OFFICE_365,1
3500299,OFFICE_365,16
3456551,OFFICE_365,1
3275731,OFFICE_365,19
3504394,OFFICE_365,21
3412421,OFFICE_365,22
3212808,OFFICE_365,1
1919348,OFFICE_365,16
2795659,OFFICE_365,7
1006314,OFFICE_365,16
3212249,OFFICE_365,19
1328048,OFFICE_365,9
2244075,OFFICE_365,5
2017663,OFFICE_365,1
3275612,OFFICE_365,19
2186593,OFFICE_365,19
1290477,OFFICE_365,3
1973955,OFFICE_365,1
2315809,OFFICE_365,13
2270990,OFFICE_365,5
3412441,OFFICE_365,22
3150071,OFFICE_365,1
3282453,OFFICE_365,1
2816250,OFFICE_365,5
3276215,OFFICE_365,1
3212885,OFFICE_365,22
828491,OFFICE_365,7
3312165,OFFICE_365,5
1216578,OFFICE_365,5
1486105,OFFICE_365,7
940131,OFFICE_365,7
841108,OFFICE_365,5
1790089,OFFICE_365,20
160663,OFFICE_365,1
1069306,OFFICE_365,7
3275804,OFFICE_365,1
357097,OFFICE_365,4
1065842,OFFICE_365,16
929352,OFFICE_365,4
2376750,OFFICE_365,5
2017662,OFFICE_365,7
1505063,OFFICE_365,7
2719747,OFFICE_365,7
564429,OFFICE_365,5
3150051,OFFICE_365,7
587851,OFFICE_365,7
3528211,OFFICE_365,1
3276128,OFFICE_365,1
1084669,OFFICE_365,7
450044,OFFICE_365,7
3439548,OFFICE_365,1
3306611,OFFICE_365,3
1065819,OFFICE_365,9
1065870,OFFICE_365,16
2190813,OFFICE_365,1
3412556,OFFICE_365,19
2810448,OFFICE_365,7
549234,OFFICE_365,5
2734703,SKYPE,1
18576,SKYPE,21
2056548,SKYPE,1
880222,SKYPE,18
2715503,SKYPE,4
2634743,SKYPE,7
2416436,SKYPE,18
321301,SKYPE,18
1697364,SKYPE,1
573077,SKYPE,21
2459848,SKYPE,1
3340337,SKYPE,20
2439324,SKYPE,11
2873252,SKYPE,4
2058899,SKYPE,18
863252,SKYPE,11
884801,SKYPE,21
1977565,SKYPE,17
3548186,SKYPE,5
2988750,SKYPE,1
2668232,SKYPE,24
57634,SKYPE,4
1230548,SKYPE,8
3018118,SKYPE,5
101301,SKYPE,12
2736423,SKYPE,26
2371758,SKYPE,2
3248250,SKYPE,1
1552697,SKYPE,15
2871687,SKYPE,23
2710828,SKYPE,3
1097563,SKYPE,25
2722970,SKYPE,8
1276518,SKYPE,21
2791568,SKYPE,4
1851216,SKYPE,19
1120102,SKYPE,13
3018857,SKYPE,17
1990965,SKYPE,1
2454482,SKYPE,18
3158075,SKYPE,2
635626,SKYPE,1
3243541,SKYPE,13
81284,SKYPE,31
2844391,SKYPE,6
1730173,SKYPE,12
2501713,SKYPE,11
2974527,SKYPE,5
3557287,SKYPE,15
855081,SKYPE,8
1617735,SKYPE,7
1768207,SKYPE,1
1337142,SKYPE,1
1010644,SKYPE,20
2660213,SKYPE,8
3266027,SKYPE,26
25808,SKYPE,14
576000,SKYPE,15
225610,SKYPE,14
1538623,SKYPE,4
1251952,SKYPE,18
3373047,SKYPE,7
2787873,SKYPE,25
274765,SKYPE,25
2825775,SKYPE,28
1787817,SKYPE,1
1169401,SKYPE,17
427170,SKYPE,11
3095623,SKYPE,12
2326293,SKYPE,4
2129455,SKYPE,4
403709,SKYPE,17
479944,SKYPE,1
3160109,SKYPE,5
3382069,SKYPE,17
2899886,SKYPE,1
412225,SKYPE,1
1326486,SKYPE,15
1159326,SKYPE,3
2705052,SKYPE,21
1346508,SKYPE,17
2844393,SKYPE,3
2849913,SKYPE,7
3475109,SKYPE,26
757450,SKYPE,20
889788,SKYPE,7
2169003,SKYPE,14
1195195,SKYPE,4
2718278,SKYPE,18
2569450,SKYPE,1
3208864,SKYPE,14
404088,SKYPE,2
1288002,SKYPE,25
2722663,SKYPE,4
1116603,SKYPE,1
3501636,SKYPE,12
2389150,SKYPE,1
1388282,SKYPE,8
1636009,SKYPE,18
2367875,SKYPE,1
2601427,SPOTIFY,13
2608283,SPOTIFY,1
3546363,SPOTIFY,6
2440592,SPOTIFY,8
1867192,SPOTIFY,15
1891435,SPOTIFY,5
1867194,SPOTIFY,4
993554,SPOTIFY,6
1754263,SPOTIFY,1
2443390,SPOTIFY,12
1411975,SPOTIFY,3
1641691,SPOTIFY,4
2189721,SPOTIFY,6
1822515,SPOTIFY,3
1741524,SPOTIFY,19
938012,SPOTIFY,3
2562413,SPOTIFY,18
3291374,SPOTIFY,16
2501764,SPOTIFY,1
2267887,SPOTIFY,20
1786191,SPOTIFY,2
683918,SPOTIFY,23
1779970,SPOTIFY,1
938092,SPOTIFY,3
1686393,SPOTIFY,8
1130566,SPOTIFY,20
1867003,SPOTIFY,2
2601934,SPOTIFY,18
1616805,SPOTIFY,6
994241,SPOTIFY,6
2652556,SPOTIFY,8
1208595,SPOTIFY,3
683912,SPOTIFY,11
2360244,SPOTIFY,15
938116,SPOTIFY,3
1744185,SPOTIFY,15
2189561,SPOTIFY,8
734443,SPOTIFY,1
3546271,SPOTIFY,6
810217,SPOTIFY,8
1738624,SPOTIFY,7
869416,SPOTIFY,4
732036,SPOTIFY,4
1412517,SPOTIFY,4
1556505,SPOTIFY,3
2888258,SPOTIFY,4
1739648,SPOTIFY,3
2188185,SPOTIFY,4
1641414,SPOTIFY,3
1561561,SPOTIFY,7
2585016,SPOTIFY,9
2186361,SPOTIFY,13
1208722,SPOTIFY,21
1567065,SPOTIFY,15
2747618,SPOTIFY,1
2698247,SPOTIFY,24
2607726,SPOTIFY,1
683919,SPOTIFY,4
1559816,SPOTIFY,26
2267826,SPOTIFY,6
1808799,SPOTIFY,3
1616642,SPOTIFY,3
1569008,SPOTIFY,6
1125544,SPOTIFY,4
1686429,SPOTIFY,4
1641408,SPOTIFY,3
732029,SPOTIFY,7
1563491,SPOTIFY,2
730164,SPOTIFY,4
1336096,SPOTIFY,7
2440598,SPOTIFY,1
1867042,SPOTIFY,3
3546359,SPOTIFY,2
1867093,SPOTIFY,6
2796820,SPOTIFY,15
1641812,SPOTIFY,1
1473233,SPOTIFY,21
1567066,SPOTIFY,4
2189661,SPOTIFY,8
2796823,SPOTIFY,12
1686270,SPOTIFY,4
2498105,SPOTIFY,26
1548963,SPOTIFY,3
1130446,SPOTIFY,3
1808825,SPOTIFY,4
937998,SPOTIFY,14
1808882,SPOTIFY,24
1686202,SPOTIFY,20
2600923,SPOTIFY,15
1567061,SPOTIFY,26
1558093,SPOTIFY,13
869421,SPOTIFY,4
1563244,SPOTIFY,3
810216,SPOTIFY,6
2639195,SPOTIFY,2
2443837,SPOTIFY,20
1891436,SPOTIFY,1
1616635,SPOTIFY,7
1736539,SPOTIFY,6
1125569,SPOTIFY,24
726253,SSH,26
725392,SSH,28
799977,SSH,8
725612,SSH,23
728131,SSH,2
229367,SSH,30
726251,SSH,21
724458,SSH,23
725609,SSH,21
299931,SSH,30
2438138,SSH,12
724740,SSH,25
1010315,SSH,26
229363,SSH,30
727389,SSH,2
2076497,SSH,8
299934,SSH,30
725615,SSH,21
726702,SSH,4
727551,SSH,4
724728,SSH,23
2438995,SSH,9
2438909,SSH,9
1011498,SSH,2
728993,SSH,4
728639,SSH,4
726835,SSH,4
2437843,SSH,9
724457,SSH,28
2432074,SSH,19
2439113,SSH,13
2429073,SSH,16
726249,SSH,23
299935,SSH,8
726254,SSH,21
726986,SSH,2
2185042,SSH,7
724306,SSH,25
2037398,SSH,5
725391,SSH,21
726423,SSH,4
1012156,SSH,11
1010314,SSH,21
2438491,SSH,22
727854,SSH,2
727643,SSH,4
725614,SSH,25
727763,SSH,2
724751,SSH,24
1921891,SSH,25
1901726,SSH,25
727577,SSH,2
724287,SSH,26
2550662,SSH,19
724459,SSH,28
726916,SSH,31
229366,SSH,30
727855,SSH,31
725932,SSH,20
727820,SSH,4
229368,SSH,30
229361,SSH,30
726706,SSH,25
2181748,SSH,21
2065641,SSH,17
299929,SSH,30
299933,SSH,30
727670,SSH,25
728852,SSH,4
728662,SSH,4
299930,SSH,30
725390,SSH,23
724293,SSH,23
1901545,SSH,26
727998,SSH,4
299932,SSH,30
728192,SSH,4
725926,SSH,20
726256,SSH,23
725394,SSH,23
725608,SSH,25
2550591,SSH,24
727322,SSH,4
2439093,SSH,19
229364,SSH,33
2426369,SSH,22
725931,SSH,21
2435276,SSH,19
726571,SSH,26
724461,SSH,28
2550086,SSH,19
728144,SSH,4
1922451,SSH,4
229362,SSH,30
2438341,SSH,9
1901955,SSH,4
1914260,SSH,26
724460,SSH,21
2549728,SSH,9
229365,SSH,30
166291,SSL,8
1791357,SSL,15
61726,SSL,9
3073397,SSL,6
2557041,SSL,14
1145878,SSL,4
2594876,SSL,1
745277,SSL,1
2307575,SSL,12
2610287,SSL,8
2824698,SSL,9
3185253,SSL,6
157830,SSL,4
1004447,SSL,11
1917139,SSL,5
2188372,SSL,7
2716332,SSL,28
756907,SSL,15
2160421,SSL,13
1373750,SSL,7
1598628,SSL,1
3354349,SSL,3
2092814,SSL,1
141491,SSL,6
2891551,SSL,1
2053617,SSL,31
1772413,SSL,19
3071709,SSL,8
1258112,SSL,7
3227217,SSL,1
2921323,SSL,24
629340,SSL,9
601267,SSL,4
354407,SSL,21
313527,SSL,4
739592,SSL,6
3338117,SSL,6
2594418,SSL,1
745130,SSL,1
2840530,SSL,3
3513784,SSL,4
2194050,SSL,1
2291985,SSL,3
1939878,SSL,23
3502744,SSL,6
3227324,SSL,1
762179,SSL,1
1598789,SSL,1
3377352,SSL,1
1561358,SSL,28
503031,SSL,1
2308691,SSL,14
1772567,SSL,1
3224095,SSL,1
1015584,SSL,7
186581,SSL,1
1436406,SSL,5
2926991,SSL,9
3489844,SSL,11
998902,SSL,6
744295,SSL,1
732469,SSL,6
2424391,SSL,13
2321097,SSL,15
1556343,SSL,18
3221447,SSL,15
3041208,SSL,9
355307,SSL,8
1769371,SSL,1
2744042,SSL,21
3358426,SSL,11
495279,SSL,23
135010,SSL,22
884904,SSL,12
351821,SSL,17
2864779,SSL,4
1554440,SSL,9
1019952,SSL,4
2157566,SSL,7
351746,SSL,13
1163119,SSL,1
189062,SSL,11
754478,SSL,1
3240115,SSL,1
3379548,SSL,18
1543604,SSL,6
2714843,SSL,13
541344,SSL,19
3062619,SSL,1
1143739,SSL,17
3527845,SSL,1
2928276,SSL,1
2196062,SSL,1
981729,SSL,28
347656,SSL,17
2030860,SSL,3
1425719,SSL,6
3209986,SSL,1
1419091,SSL,3
197572,SSL,12
1917586,SSL_NO_CERT,28
155822,SSL_NO_CERT,9
2193480,SSL_NO_CERT,23
1549387,SSL_NO_CERT,4
1422906,SSL_NO_CERT,9
894253,SSL_NO_CERT,1
1741368,SSL_NO_CERT,21
3223028,SSL_NO_CERT,28
7218,SSL_NO_CERT,28
3220819,SSL_NO_CERT,28
3475748,SSL_NO_CERT,15
2780335,SSL_NO_CERT,1
2405106,SSL_NO_CERT,5
981041,SSL_NO_CERT,20
1739159,SSL_NO_CERT,21
615363,SSL_NO_CERT,23
3498022,SSL_NO_CERT,20
1624120,SSL_NO_CERT,1
604942,SSL_NO_CERT,4
3059168,SSL_NO_CERT,7
1133494,SSL_NO_CERT,21
3201458,SSL_NO_CERT,7
981044,SSL_NO_CERT,1
2586820,SSL_NO_CERT,6
3570544,SSL_NO_CERT,1
616479,SSL_NO_CERT,28
471158,SSL_NO_CERT,7
3345619,SSL_NO_CERT,6
153495,SSL_NO_CERT,21
1266613,SSL_NO_CERT,21
2411928,SSL_NO_CERT,2
2036208,SSL_NO_CERT,8
1745396,SSL_NO_CERT,25
3345078,SSL_NO_CERT,7
1263502,SSL_NO_CERT,21
153104,SSL_NO_CERT,23
1747847,SSL_NO_CERT,21
1650,SSL_NO_CERT,8
2034157,SSL_NO_CERT,7
471623,SSL_NO_CERT,1
1267062,SSL_NO_CERT,28
1024609,SSL_NO_CERT,1
153482,SSL_NO_CERT,21
740402,SSL_NO_CERT,8
748466,SSL_NO_CERT,17
1133684,SSL_NO_CERT,28
23957,SSL_NO_CERT,21
58166,SSL_NO_CERT,6
158138,SSL_NO_CERT,15
1535365,SSL_NO_CERT,5
1264010,SSL_NO_CERT,23
1139546,SSL_NO_CERT,8
1741542,SSL_NO_CERT,21
931654,SSL_NO_CERT,1
1601813,SSL_NO_CERT,15
1742077,SSL_NO_CERT,23
3219488,SSL_NO_CERT,20
3185735,SSL_NO_CERT,1
1412921,SSL_NO_CERT,20
1135535,SSL_NO_CERT,1
3344368,SSL_NO_CERT,7
615361,SSL_NO_CERT,23
117372,SSL_NO_CERT,2
724721,SSL_NO_CERT,6
1740409,SSL_NO_CERT,25
2037340,SSL_NO_CERT,3
2393912,SSL_NO_CERT,7
110449,SSL_NO_CERT,7
1919519,SSL_NO_CERT,28
856424,SSL_NO_CERT,6
315762,SSL_NO_CERT,26
1399605,SSL_NO_CERT,4
899650,SSL_NO_CERT,1
3498025,SSL_NO_CERT,1
1745255,SSL_NO_CERT,23
1551379,SSL_NO_CERT,11
2036243,SSL_NO_CERT,6
890999,SSL_NO_CERT,1
1747587,SSL_NO_CERT,23
2193481,SSL_NO_CERT,1
2034061,SSL_NO_CERT,7
2304773,SSL_NO_CERT,3
153082,SSL_NO_CERT,20
2587151,SSL_NO_CERT,13
3345900,SSL_NO_CERT,8
32042,SSL_NO_CERT,23
1747342,SSL_NO_CERT,23
1730601,SSL_NO_CERT,4
3202404,SSL_NO_CERT,4
614838,SSL_NO_CERT,23
3221984,SSL_NO_CERT,28
3038709,SSL_NO_CERT,1
604926,SSL_NO_CERT,7
153504,SSL_NO_CERT,21
1266728,SSL_NO_CERT,18
467218,SSL_NO_CERT,1
2862018,SSL_NO_CERT,8
3346109,SSL_NO_CERT,8
616602,SSL_NO_CERT,21
1388142,SSL_NO_CERT,9
869507,TEAMVIEWER,3
2032065,TEAMVIEWER,3
1515224,TEAMVIEWER,18
2838446,TEAMVIEWER,3
2385470,TEAMVIEWER,4
1280458,TEAMVIEWER,18
3248596,TEAMVIEWER,6
3335349,TEAMVIEWER,3
1382480,TEAMVIEWER,18
1945378,TEAMVIEWER,21
988772,TEAMVIEWER,3
488063,TEAMVIEWER,5
1546345,TEAMVIEWER,14
2158078,TEAMVIEWER,3
2439213,TEAMVIEWER,2
2691966,TEAMVIEWER,3
2385455,TEAMVIEWER,3
2385443,TEAMVIEWER,11
2884328,TEAMVIEWER,3
487774,TEAMVIEWER,3
2153462,TEAMVIEWER,3
464576,TEAMVIEWER,1
1503616,TEAMVIEWER,3
2385469,TEAMVIEWER,3
2691997,TEAMVIEWER,3
851106,TEAMVIEWER,11
3039881,TEAMVIEWER,3
1114664,TEAMVIEWER,3
2588111,TEAMVIEWER,4
3040243,TEAMVIEWER,4
3464026,TEAMVIEWER,18
2291321,TEAMVIEWER,5
2298312,TEAMVIEWER,3
844803,TEAMVIEWER,11
1152980,TEAMVIEWER,18
3456597,TEAMVIEWER,5
2172221,TEAMVIEWER,3
3244032,TEAMVIEWER,18
875112,TEAMVIEWER,5
2582816,TEAMVIEWER,3
1427633,TEAMVIEWER,18
851109,TEAMVIEWER,3
3203750,TEAMVIEWER,3
1160194,TEAMVIEWER,18
3462933,TEAMVIEWER,11
737765,TEAMVIEWER,11
1013388,TEAMVIEWER,5
1545426,TEAMVIEWER,8
1945085,TEAMVIEWER,26
1013226,TEAMVIEWER,3
2320731,TEAMVIEWER,3
988778,TEAMVIEWER,5
2153492,TEAMVIEWER,3
739491,TEAMVIEWER,3
2286631,TEAMVIEWER,3
2542564,TEAMVIEWER,3
2032226,TEAMVIEWER,3
1256225,TEAMVIEWER,18
3319559,TEAMVIEWER,11
3032887,TEAMVIEWER,5
2542671,TEAMVIEWER,5
1382478,TEAMVIEWER,18
3327731,TEAMVIEWER,3
2432312,TEAMVIEWER,3
2698201,TEAMVIEWER,4
980094,TEAMVIEWER,3
2032754,TEAMVIEWER,4
1427477,TEAMVIEWER,18
1367335,TEAMVIEWER,18
3049301,TEAMVIEWER,3
3379824,TEAMVIEWER,18
3456588,TEAMVIEWER,3
464427,TEAMVIEWER,1
3344073,TEAMVIEWER,3
480714,TEAMVIEWER,11
2024114,TEAMVIEWER,23
591800,TEAMVIEWER,3
1427642,TEAMVIEWER,2
594056,TEAMVIEWER,5
2838447,TEAMVIEWER,3
1897321,TEAMVIEWER,3
463599,TEAMVIEWER,9
1555274,TEAMVIEWER,9
2838428,TEAMVIEWER,3
288413,TEAMVIEWER,3
3462934,TEAMVIEWER,4
2587560,TEAMVIEWER,3
2577972,TEAMVIEWER,3
2698092,TEAMVIEWER,3
2691973,TEAMVIEWER,3
3040089,TEAMVIEWER,3
1427641,TEAMVIEWER,3
3379501,TEAMVIEWER,6
2732766,TEAMVIEWER,3
2158130,TEAMVIEWER,3
481057,TEAMVIEWER,11
1387454,TEAMVIEWER,3
2385472,TEAMVIEWER,3
717046,TEAMVIEWER,3
1243653,TEAMVIEWER,6
2566261,TOR,1
1136835,TOR,1
2071170,TOR,13
1135938,TOR,4
3349288,TOR,4
542263,TOR,2
724392,TOR,4
753661,TOR,5
725182,TOR,4
364675,TOR,26
3349686,TOR,26
346632,TOR,1
3349290,TOR,16
506318,TOR,1
893466,TOR,1
3349688,TOR,12
2564336,TOR,24
542109,TOR,12
1907794,TOR,2
994,TOR,3
2566688,TOR,13
542112,TOR,1
1429707,TOR,31
3349689,TOR,12
1595961,TOR,2
492027,TOR,7
1402317,TOR,3
505878,TOR,1
3352815,TOR,1
1289315,TOR,4
758295,TOR,11
2564337,TOR,4
2564342,TOR,6
2065843,TOR,13
1138484,TOR,4
748553,TOR,4
1904737,TOR,3
1546920,TOR,4
339157,TOR,2
1906185,TOR,24
3216110,TOR,15
612004,TOR,4
1903953,TOR,3
1134267,TOR,7
3349283,TOR,9
612530,TOR,7
342464,TOR,23
757961,TOR,21
337415,TOR,1
621646,TOR,1
175726,TOR,1
3215480,TOR,3
1247262,TOR,1
174816,TOR,25
724478,TOR,4
748552,TOR,28
3349285,TOR,9
175713,TOR,21
503192,TOR,12
3474817,TOR,18
1395654,TOR,6
3229420,TOR,26
3215479,TOR,3
1402355,TOR,15
3349687,TOR,24
1904351,TOR,5
1138471,TOR,4
1717879,TOR,15
761141,TOR,2
1402494,TOR,8
606864,TOR,4
503240,TOR,2
367432,TOR,26
1436945,TOR,5
1247261,TOR,24
2563284,TOR,3
1136836,TOR,4
1135456,TOR,11
1904163,TOR,3
2076571,TOR,1
2563394,TOR,3
1559407,TOR,14
503193,TOR,2
542103,TOR,12
3352992,TOR,1
2564340,TOR,15
603490,TOR,14
3216111,TOR,4
622826,TOR,28
724612,TOR,4
761722,TOR,1
1905438,TOR,13
2076607,TOR,18
590423,TOR,2
1135833,TOR,14
351090,TOR,28
2866748,TOR,1
2564338,TOR,6
2730270,TOR,19
1565498,TOR,1
2922915,TWITTER,21
115685,TWITTER,2
2012391,TWITTER,6
1750657,TWITTER,8
2048198,TWITTER,1
894169,TWITTER,1
1473516,TWITTER,1
1967288,TWITTER,2
1678636,TWITTER,28
1740247,TWITTER,4
3471990,TWITTER,1
934526,TWITTER,3
2851750,TWITTER,4
806268,TWITTER,7
806951,TWITTER,12
2498702,TWITTER,3
963818,TWITTER,11
1993579,TWITTER,2
364382,TWITTER,15
1920923,TWITTER,4
2797733,TWITTER,2
135317,TWITTER,3
631664,TWITTER,17
933084,TWITTER,4
2333501,TWITTER,1
398742,TWITTER,4
2674900,TWITTER,3
841503,TWITTER,1
1142288,TWITTER,13
1468633,TWITTER,2
2170109,TWITTER,6
853770,TWITTER,13
877038,TWITTER,26
2109152,TWITTER,12
465448,TWITTER,6
182604,TWITTER,1
2186233,TWITTER,20
1903610,TWITTER,19
3232424,TWITTER,1
2593481,TWITTER,1
1107985,TWITTER,18
1473530,TWITTER,1
1997601,TWITTER,23
2730486,TWITTER,2
3084946,TWITTER,13
2168750,TWITTER,15
690928,TWITTER,17
799799,TWITTER,4
1244131,TWITTER,13
2498687,TWITTER,7
3019902,TWITTER,6
2685798,TWITTER,2
2447342,TWITTER,14
1012972,TWITTER,11
2272814,TWITTER,1
3477030,TWITTER,23
2306606,TWITTER,20
167218,TWITTER,5
2797629,TWITTER,1
1507523,TWITTER,2
293979,TWITTER,26
2686283,TWITTER,26
40236,TWITTER,1
3559743,TWITTER,2
713062,TWITTER,25
2032208,TWITTER,23
867858,TWITTER,6
367132,TWITTER,4
1077445,TWITTER,12
331199,TWITTER,2
806235,TWITTER,21
2010192,TWITTER,18
2150501,TWITTER,3
2851997,TWITTER,14
149282,TWITTER,20
2538011,TWITTER,9
3562311,TWITTER,11
2442247,TWITTER,7
1039427,TWITTER,9
713113,TWITTER,2
2112448,TWITTER,2
2797728,TWITTER,4
3373818,TWITTER,17
3154309,TWITTER,20
133731,TWITTER,1
2588238,TWITTER,6
2797657,TWITTER,1
2331181,TWITTER,1
994041,TWITTER,1
610860,TWITTER,13
1744903,TWITTER,1
4589,TWITTER,14
2797329,TWITTER,1
2755658,TWITTER,17
3236556,TWITTER,17
1218738,TWITTER,6
2276524,TWITTER,20
456428,TWITTER,2
4590,TWITTER,24
2526976,TWITTER,13
621925,UBUNTUONE,2
3085032,UBUNTUONE,3
2919102,UBUNTUONE,1
899132,UBUNTUONE,1
2867228,UBUNTUONE,13
2896740,UBUNTUONE,3
2596271,UBUNTUONE,1
1146306,UBUNTUONE,4
868271,UBUNTUONE,2
2929782,UBUNTUONE,1
1523341,UBUNTUONE,2
331233,UBUNTUONE,2
3183248,UBUNTUONE,16
354134,UBUNTUONE,1
1281285,UBUNTUONE,1
1426460,UBUNTUONE,3
476243,UBUNTUONE,2
369479,UBUNTUONE,1
2725690,UBUNTUONE,16
162463,UBUNTUONE,2
1285126,UBUNTUONE,1
1402761,UBUNTUONE,4
1029276,UBUNTUONE,1
2442750,UBUNTUONE,3
1569495,UBUNTUONE,19
503927,UBUNTUONE,14
194827,UBUNTUONE,1
1786299,UBUNTUONE,1
1415040,UBUNTUONE,4
2578363,UBUNTUONE,15
2732357,UBUNTUONE,1
2915638,UBUNTUONE,3
1406070,UBUNTUONE,2
869003,UBUNTUONE,2
189668,UBUNTUONE,6
1924717,UBUNTUONE,3
331960,UBUNTUONE,1
1541066,UBUNTUONE,1
632679,UBUNTUONE,3
147785,UBUNTUONE,2
621924,UBUNTUONE,3
1280241,UBUNTUONE,3
139818,UBUNTUONE,2
750685,UBUNTUONE,6
3038184,UBUNTUONE,1
1604385,UBUNTUONE,1
1581271,UBUNTUONE,1
885727,UBUNTUONE,14
1787123,UBUNTUONE,1
1386244,UBUNTUONE,3
2452260,UBUNTUONE,3
362329,UBUNTUONE,1
1578375,UBUNTUONE,23
2566789,UBUNTUONE,1
1729439,UBUNTUONE,2
1928710,UBUNTUONE,9
1157421,UBUNTUONE,1
332404,UBUNTUONE,4
3080512,UBUNTUONE,30
2730552,UBUNTUONE,1
2331943,UBUNTUONE,1
735326,UBUNTUONE,2
148604,UBUNTUONE,5
2857461,UBUNTUONE,19
2602642,UBUNTUONE,3
1550858,UBUNTUONE,2
1587733,UBUNTUONE,3
635075,UBUNTUONE,1
1739643,UBUNTUONE,2
2754593,UBUNTUONE,1
1740311,UBUNTUONE,5
1581715,UBUNTUONE,1
1569525,UBUNTUONE,13
151737,UBUNTUONE,1
2903157,UBUNTUONE,1
133478,UBUNTUONE,1
1547605,UBUNTUONE,2
2207656,UBUNTUONE,3
2897242,UBUNTUONE,3
2724883,UBUNTUONE,30
1599349,UBUNTUONE,1
10390,UBUNTUONE,5
2910259,UBUNTUONE,3
1921793,UBUNTUONE,19
1583700,UBUNTUONE,7
2602643,UBUNTUONE,9
3230369,UBUNTUONE,3
1740197,UBUNTUONE,2
3494027,UBUNTUONE,3
474885,UBUNTUONE,4
635415,UBUNTUONE,1
1781176,UBUNTUONE,3
1424769,UBUNTUONE,1
2918236,UBUNTUONE,1
1733701,UBUNTUONE,4
330320,UBUNTUONE,11
1729440,UBUNTUONE,4
505423,UBUNTUONE,1
1415039,UBUNTUONE,2
3088069,UBUNTUONE,1
3208403,WHATSAPP,23
2712694,WHATSAPP,15
2733780,WHATSAPP,14
30961,WHATSAPP,8
2902893,WHATSAPP,1
2817213,WHATSAPP,4
1285313,WHATSAPP,2
2043579,WHATSAPP,1
2533237,WHATSAPP,9
1778014,WHATSAPP,1
1933233,WHATSAPP,13
3094138,WHATSAPP,1
1978393,WHATSAPP,6
1375613,WHATSAPP,18
3219535,WHATSAPP,9
2592148,WHATSAPP,13
2417655,WHATSAPP,17
2134290,WHATSAPP,18
964897,WHATSAPP,4
425424,WHATSAPP,4
1978369,WHATSAPP,4
1795117,WHATSAPP,1
1902719,WHATSAPP,1
331456,WHATSAPP,4
260799,WHATSAPP,4
2649748,WHATSAPP,4
2729879,WHATSAPP,9
562554,WHATSAPP,18
964915,WHATSAPP,31
1978362,WHATSAPP,8
2898107,WHATSAPP,12
259435,WHATSAPP,4
875454,WHATSAPP,13
964877,WHATSAPP,22
2047327,WHATSAPP,4
3046789,WHATSAPP,25
2533222,WHATSAPP,19
1261716,WHATSAPP,14
1837431,WHATSAPP,26
1670195,WHATSAPP,17
3236388,WHATSAPP,1
3478290,WHATSAPP,7
562445,WHATSAPP,4
3374627,WHATSAPP,12
2134242,WHATSAPP,18
2760708,WHATSAPP,28
3057274,WHATSAPP,4
2596547,WHATSAPP,1
2951336,WHATSAPP,1
831908,WHATSAPP,8
333541,WHATSAPP,8
1768215,WHATSAPP,28
3039361,WHATSAPP,26
331558,WHATSAPP,22
3523738,WHATSAPP,13
3419003,WHATSAPP,17
148031,WHATSAPP,15
3424918,WHATSAPP,1
425247,WHATSAPP,30
2963784,WHATSAPP,1
3493630,WHATSAPP,1
2509051,WHATSAPP,3
2882418,WHATSAPP,14
985752,WHATSAPP,13
2906398,WHATSAPP,17
2008597,WHATSAPP,1
1911813,WHATSAPP,24
944418,WHATSAPP,9
1772983,WHATSAPP,13
2870218,WHATSAPP,5
3523964,WHATSAPP,6
1772985,WHATSAPP,9
2728164,WHATSAPP,8
2483232,WHATSAPP,4
260796,WHATSAPP,1
900916,WHATSAPP,13
2440538,WHATSAPP,1
809648,WHATSAPP,28
1935343,WHATSAPP,1
944300,WHATSAPP,16
294074,WHATSAPP,26
2810360,WHATSAPP,15
3467001,WHATSAPP,25
3133619,WHATSAPP,1
2440335,WHATSAPP,28
2036558,WHATSAPP,12
2573347,WHATSAPP,18
901154,WHATSAPP,13
2041953,WHATSAPP,7
2533246,WHATSAPP,12
2492818,WHATSAPP,1
2028716,WHATSAPP,15
2041935,WHATSAPP,7
1978331,WHATSAPP,19
2240992,WHATSAPP,4
3478739,WHATSAPP,7
1275427,WHATSAPP,28
2444117,WHATSAPP,24
1566632,WHATSAPP,4
2451785,WHATSAPP,13
1786418,WIKIPEDIA,1
287491,WIKIPEDIA,1
169722,WIKIPEDIA,13
1859290,WIKIPEDIA,1
2330101,WIKIPEDIA,1
42487,WIKIPEDIA,28
1835770,WIKIPEDIA,4
2410028,WIKIPEDIA,3
1992024,WIKIPEDIA,17
287490,WIKIPEDIA,12
147111,WIKIPEDIA,7
1211976,WIKIPEDIA,13
2443508,WIKIPEDIA,24
2925328,WIKIPEDIA,1
2806091,WIKIPEDIA,8
2608698,WIKIPEDIA,23
70035,WIKIPEDIA,9
494753,WIKIPEDIA,13
1538352,WIKIPEDIA,1
2117561,WIKIPEDIA,4
1913930,WIKIPEDIA,6
1992021,WIKIPEDIA,9
978607,WIKIPEDIA,8
3241647,WIKIPEDIA,12
569185,WIKIPEDIA,28
287526,WIKIPEDIA,9
3367496,WIKIPEDIA,1
2036303,WIKIPEDIA,7
2796748,WIKIPEDIA,13
1668552,WIKIPEDIA,12
1098243,WIKIPEDIA,2
3025566,WIKIPEDIA,1
1987669,WIKIPEDIA,18
276434,WIKIPEDIA,1
47339,WIKIPEDIA,11
1835667,WIKIPEDIA,19
544324,WIKIPEDIA,9
2539819,WIKIPEDIA,1
544151,WIKIPEDIA,1
807348,WIKIPEDIA,1
3362876,WIKIPEDIA,28
2893707,WIKIPEDIA,4
3025615,WIKIPEDIA,1
1073962,WIKIPEDIA,1
265861,WIKIPEDIA,4
1536675,WIKIPEDIA,6
90001,WIKIPEDIA,1
2505164,WIKIPEDIA,12
40775,WIKIPEDIA,9
934915,WIKIPEDIA,12
265864,WIKIPEDIA,1
2608274,WIKIPEDIA,21
1835780,WIKIPEDIA,2
287487,WIKIPEDIA,9
1992052,WIKIPEDIA,1
1030294,WIKIPEDIA,4
2305375,WIKIPEDIA,7
1434323,WIKIPEDIA,17
1987638,WIKIPEDIA,6
89961,WIKIPEDIA,9
2505163,WIKIPEDIA,13
499509,WIKIPEDIA,1
1335871,WIKIPEDIA,4
2366272,WIKIPEDIA,17
2729071,WIKIPEDIA,4
72322,WIKIPEDIA,1
1787689,WIKIPEDIA,1
3025593,WIKIPEDIA,2
232204,WIKIPEDIA,4
3553573,WIKIPEDIA,2
19259,WIKIPEDIA,14
276417,WIKIPEDIA,13
3290779,WIKIPEDIA,8
1507996,WIKIPEDIA,1
2925329,WIKIPEDIA,24
2641379,WIKIPEDIA,1
978608,WIKIPEDIA,8
1126625,WIKIPEDIA,13
100538,WIKIPEDIA,24
3321269,WIKIPEDIA,21
1035775,WIKIPEDIA,1
2799392,WIKIPEDIA,9
146421,WIKIPEDIA,20
2366285,WIKIPEDIA,3
113299,WIKIPEDIA,1
1073960,WIKIPEDIA,1
2505161,WIKIPEDIA,6
2410038,WIKIPEDIA,3
2305107,WIKIPEDIA,12
1768016,WIKIPEDIA,24
312385,WIKIPEDIA,17
3493623,WIKIPEDIA,15
494665,WIKIPEDIA,17
2124916,WIKIPEDIA,1
2707016,WIKIPEDIA,31
2273481,WIKIPEDIA,20
2744938,WIKIPEDIA,20
2471752,WIKIPEDIA,1
3446268,WIKIPEDIA,1
3500832,WIKIPEDIA,1
578303,WINDOWS_UPDATE,1
2491478,WINDOWS_UPDATE,9
1359616,WINDOWS_UPDATE,19
2480567,WINDOWS_UPDATE,22
956931,WINDOWS_UPDATE,22
1581806,WINDOWS_UPDATE,28
3161121,WINDOWS_UPDATE,20
2385952,WINDOWS_UPDATE,7
39223,WINDOWS_UPDATE,3
2133377,WINDOWS_UPDATE,8
2151062,WINDOWS_UPDATE,1
831324,WINDOWS_UPDATE,2
43395,WINDOWS_UPDATE,1
1359822,WINDOWS_UPDATE,19
2151653,WINDOWS_UPDATE,15
368665,WINDOWS_UPDATE,1
1218899,WINDOWS_UPDATE,22
2954120,WINDOWS_UPDATE,2
715445,WINDOWS_UPDATE,18
2133387,WINDOWS_UPDATE,8
2133083,WINDOWS_UPDATE,8
1622792,WINDOWS_UPDATE,7
3352851,WINDOWS_UPDATE,2
2740064,WINDOWS_UPDATE,1
2959904,WINDOWS_UPDATE,13
2386216,WINDOWS_UPDATE,6
224448,WINDOWS_UPDATE,19
1359701,WINDOWS_UPDATE,19
1242071,WINDOWS_UPDATE,1
2386278,WINDOWS_UPDATE,7
313995,WINDOWS_UPDATE,1
2008408,WINDOWS_UPDATE,2
396679,WINDOWS_UPDATE,5
202354,WINDOWS_UPDATE,1
596923,WINDOWS_UPDATE,1
1619428,WINDOWS_UPDATE,21
2756817,WINDOWS_UPDATE,2
2133118,WINDOWS_UPDATE,1
2988458,WINDOWS_UPDATE,24
2015861,WINDOWS_UPDATE,1
899954,WINDOWS_UPDATE,22
1148934,WINDOWS_UPDATE,1
396520,WINDOWS_UPDATE,22
6388,WINDOWS_UPDATE,11
370011,WINDOWS_UPDATE,12
3564883,WINDOWS_UPDATE,11
2132979,WINDOWS_UPDATE,8
2151860,WINDOWS_UPDATE,1
1366345,WINDOWS_UPDATE,14
1995573,WINDOWS_UPDATE,22
1619637,WINDOWS_UPDATE,28
1886144,WINDOWS_UPDATE,18
1241991,WINDOWS_UPDATE,20
1699874,WINDOWS_UPDATE,19
1865406,WINDOWS_UPDATE,1
37740,WINDOWS_UPDATE,28
2356824,WINDOWS_UPDATE,9
396206,WINDOWS_UPDATE,22
2258187,WINDOWS_UPDATE,1
831642,WINDOWS_UPDATE,2
2672403,WINDOWS_UPDATE,19
65408,WINDOWS_UPDATE,19
976249,WINDOWS_UPDATE,19
2133270,WINDOWS_UPDATE,1
3518867,WINDOWS_UPDATE,1
831495,WINDOWS_UPDATE,2
747972,WINDOWS_UPDATE,1
830596,WINDOWS_UPDATE,16
2144349,WINDOWS_UPDATE,1
2310868,WINDOWS_UPDATE,28
572240,WINDOWS_UPDATE,7
368201,WINDOWS_UPDATE,7
1161001,WINDOWS_UPDATE,1
611525,WINDOWS_UPDATE,18
2958798,WINDOWS_UPDATE,26
830468,WINDOWS_UPDATE,16
312198,WINDOWS_UPDATE,16
396007,WINDOWS_UPDATE,22
952268,WINDOWS_UPDATE,2
168159,WINDOWS_UPDATE,19
395675,WINDOWS_UPDATE,18
1359640,WINDOWS_UPDATE,19
1368316,WINDOWS_UPDATE,19
2356842,WINDOWS_UPDATE,1
224204,WINDOWS_UPDATE,19
2831298,WINDOWS_UPDATE,22
716263,WINDOWS_UPDATE,6
1242548,WINDOWS_UPDATE,18
831237,WINDOWS_UPDATE,4
929523,WINDOWS_UPDATE,22
1887803,WINDOWS_UPDATE,3
1586723,WINDOWS_UPDATE,1
830759,WINDOWS_UPDATE,16
2152011,WINDOWS_UPDATE,20
2722635,WINDOWS_UPDATE,1
830728,WINDOWS_UPDATE,16
1359770,WINDOWS_UPDATE,19
2385889,WINDOWS_UPDATE,6
831341,WINDOWS_UPDATE,2
3030150,WINDOWS_UPDATE,3
446418,YAHOO,3
103231,YAHOO,11
234728,YAHOO,18
2290888,YAHOO,21
1021179,YAHOO,20
3309436,YAHOO,6
2270280,YAHOO,8
3312700,YAHOO,1
2382390,YAHOO,31
2371096,YAHOO,13
3415013,YAHOO,18
235446,YAHOO,3
1897906,YAHOO,6
190112,YAHOO,16
2607698,YAHOO,20
1395638,YAHOO,8
2711253,YAHOO,24
1235403,YAHOO,5
1879196,YAHOO,1
2353909,YAHOO,28
2561731,YAHOO,4
1723923,YAHOO,1
2885279,YAHOO,14
1782721,YAHOO,12
790518,YAHOO,1
1398215,YAHOO,7
1157811,YAHOO,1
620805,YAHOO,25
2519365,YAHOO,6
702322,YAHOO,1
970619,YAHOO,21
813789,YAHOO,14
1503932,YAHOO,20
1869535,YAHOO,19
2303542,YAHOO,6
12745,YAHOO,11
3221693,YAHOO,8
855985,YAHOO,15
3318274,YAHOO,1
1879251,YAHOO,1
240470,YAHOO,7
411914,YAHOO,13
3221029,YAHOO,20
3312576,YAHOO,4
216651,YAHOO,1
2782828,YAHOO,8
1203521,YAHOO,8
3201920,YAHOO,6
681792,YAHOO,6
1004931,YAHOO,6
1875337,YAHOO,1
710089,YAHOO,4
1222726,YAHOO,7
1876325,YAHOO,1
3226956,YAHOO,21
2171302,YAHOO,3
544292,YAHOO,5
2727544,YAHOO,8
2353986,YAHOO,1
262234,YAHOO,5
870546,YAHOO,14
1630333,YAHOO,21
3476519,YAHOO,6
304415,YAHOO,6
1630044,YAHOO,1
1131001,YAHOO,6
3220403,YAHOO,7
1782733,YAHOO,1
1875832,YAHOO,1
1092265,YAHOO,18
1629870,YAHOO,31
1021579,YAHOO,7
90765,YAHOO,8
2748389,YAHOO,13
1691307,YAHOO,8
1823334,YAHOO,4
188484,YAHOO,12
284191,YAHOO,13
247964,YAHOO,4
1572604,YAHOO,12
2783068,YAHOO,6
630067,YAHOO,17
3226282,YAHOO,1
6815,YAHOO,5
1571944,YAHOO,24
1346065,YAHOO,25
681506,YAHOO,8
1908047,YAHOO,6
2382413,YAHOO,11
500296,YAHOO,14
438430,YAHOO,6
1503867,YAHOO,4
1645880,YAHOO,6
2187815,YAHOO,14
560450,YAHOO,25
650393,YAHOO,4
2832246,YAHOO,2
1783480,YAHOO,1
2271603,YAHOO,2
3318284,YAHOO,31
1267589,YOUTUBE,16
1168604,YOUTUBE,1
2716806,YOUTUBE,3
2945074,YOUTUBE,17
1353768,YOUTUBE,22
1640207,YOUTUBE,28
2945441,YOUTUBE,4
1417058,YOUTUBE,1
2309742,YOUTUBE,6
19040,YOUTUBE,1
1367213,YOUTUBE,20
345010,YOUTUBE,4
2559394,YOUTUBE,1
3022356,YOUTUBE,7
1522234,YOUTUBE,3
977191,YOUTUBE,26
2883686,YOUTUBE,9
976545,YOUTUBE,2
3427169,YOUTUBE,22
1152671,YOUTUBE,1
1237657,YOUTUBE,19
3457305,YOUTUBE,7
2909840,YOUTUBE,13
2164292,YOUTUBE,13
498485,YOUTUBE,24
2169224,YOUTUBE,1
2197137,YOUTUBE,19
2394157,YOUTUBE,16
2588439,YOUTUBE,19
1020902,YOUTUBE,22
3424557,YOUTUBE,7
113106,YOUTUBE,1
3311714,YOUTUBE,2
3022095,YOUTUBE,21
2946099,YOUTUBE,1
2456877,YOUTUBE,17
596320,YOUTUBE,28
15832,YOUTUBE,13
3445083,YOUTUBE,19
1351511,YOUTUBE,19
1749129,YOUTUBE,4
505157,YOUTUBE,24
1331094,YOUTUBE,3
1650572,YOUTUBE,25
325018,YOUTUBE,21
1197853,YOUTUBE,17
3135248,YOUTUBE,7
2102220,YOUTUBE,7
1027888,YOUTUBE,18
5916,YOUTUBE,1
2414618,YOUTUBE,15
1030795,YOUTUBE,9
2706471,YOUTUBE,15
1488122,YOUTUBE,1
2196286,YOUTUBE,26
2673954,YOUTUBE,28
3089200,YOUTUBE,22
1682639,YOUTUBE,1
2554,YOUTUBE,19
613581,YOUTUBE,1
1396117,YOUTUBE,31
3310583,YOUTUBE,16
3337790,YOUTUBE,22
2973439,YOUTUBE,24
1164128,YOUTUBE,17
325065,YOUTUBE,1
3048617,YOUTUBE,4
3021872,YOUTUBE,20
581911,YOUTUBE,15
728971,YOUTUBE,1
1753449,YOUTUBE,13
3156136,YOUTUBE,18
40434,YOUTUBE,19
2026648,YOUTUBE,9
2796401,YOUTUBE,1
2008773,YOUTUBE,14
1352060,YOUTUBE,24
2401217,YOUTUBE,13
2019109,YOUTUBE,9
1772017,YOUTUBE,12
2912709,YOUTUBE,19
1251519,YOUTUBE,1
2499451,YOUTUBE,4
44424,YOUTUBE,19
1462365,YOUTUBE,4
1272942,YOUTUBE,20
2038186,YOUTUBE,12
3414142,YOUTUBE,14
830042,YOUTUBE,2
1855972,YOUTUBE,16
3285147,YOUTUBE,4
874718,YOUTUBE,1
2727336,YOUTUBE,19
1474853,YOUTUBE,15
1725572,YOUTUBE,5
1908437,YOUTUBE,16
3457307,YOUTUBE,25
1849386,YOUTUBE,28
966157,YOUTUBE,13
1768879,YOUTUBE,33
1390703,99TAXI,5
2466347,BGP,4
2466346,BGP,11
3152516,BGP,14
2466533,BGP,1
3152515,BGP,1
3152517,BGP,4
2466345,BGP,9
2466348,BGP,4
3135227,BGP,1
3135219,BGP,1
3135197,BGP,11
3450206,BITTORRENT,3
3341227,BITTORRENT,2
3341226,BITTORRENT,2
3341222,BITTORRENT,2
3341224,BITTORRENT,2
3341223,BITTORRENT,2
3450203,BITTORRENT,11
3341228,BITTORRENT,2
3341225,BITTORRENT,2
3341221,BITTORRENT,2
3012914,CITRIX,19
114699,CITRIX,13
109757,CITRIX,17
106471,CITRIX,12
117414,CITRIX,13
117741,CITRIX,20
117745,CITRIX,4
63220,CITRIX,21
2651738,CITRIX,26
3012915,CITRIX,1
117743,CITRIX,2
28134,CITRIX,12
2651790,CITRIX,14
2651826,CITRIX,4
94691,CITRIX,12
117744,CITRIX,4
2651832,CITRIX,4
1911213,CITRIX_ONLINE,9
2020695,CITRIX_ONLINE,12
2020713,CITRIX_ONLINE,9
1916344,CITRIX_ONLINE,9
2020706,CITRIX_ONLINE,12
1917031,CITRIX_ONLINE,9
2023556,CITRIX_ONLINE,9
2020702,CITRIX_ONLINE,12
2020704,CITRIX_ONLINE,12
2020703,CITRIX_ONLINE,12
2020714,CITRIX_ONLINE,9
2020712,CITRIX_ONLINE,9
1916486,CITRIX_ONLINE,9
1916666,CITRIX_ONLINE,9
2023497,CITRIX_ONLINE,9
2020710,CITRIX_ONLINE,12
1913669,CITRIX_ONLINE,9
2020701,CITRIX_ONLINE,12
1914633,CITRIX_ONLINE,9
1912239,CITRIX_ONLINE,9
1917081,CITRIX_ONLINE,9
2020705,CITRIX_ONLINE,12
2026927,CITRIX_ONLINE,12
1916588,CITRIX_ONLINE,9
1917117,CITRIX_ONLINE,9
2020707,CITRIX_ONLINE,12
1916985,CITRIX_ONLINE,9
2020708,CITRIX_ONLINE,12
2020709,CITRIX_ONLINE,12
2020711,CITRIX_ONLINE,9
2020700,CITRIX_ONLINE,12
2026928,CITRIX_ONLINE,9
2023591,CITRIX_ONLINE,9
2020696,CITRIX_ONLINE,17
2023530,CITRIX_ONLINE,9
2020698,CITRIX_ONLINE,17
2020697,CITRIX_ONLINE,12
2020699,CITRIX_ONLINE,12
2444259,CNN,3
2445064,CNN,12
3353297,CNN,2
2446053,CNN,1
2507582,CNN,1
3431806,CNN,5
2507579,CNN,15
2445068,CNN,1
2507569,CNN,1
2444306,CNN,1
2444377,CNN,6
2446035,CNN,1
2445206,CNN,6
2507568,CNN,28
2507589,CNN,8
2444304,CNN,7
2447247,CNN,1
2444437,CNN,28
2507590,CNN,1
3351782,CNN,5
1547669,DEEZER,16
1704178,DEEZER,7
716804,DEEZER,2
1380663,DEEZER,3
1341741,DEEZER,5
1243365,DEEZER,1
1749881,DEEZER,5
1243356,DEEZER,3
840322,DEEZER,3
1704087,DEEZER,16
1704187,DEEZER,2
1749441,DEEZER,22
1279516,DEEZER,17
716796,DEEZER,2
1704160,DEEZER,2
1341419,DEEZER,14
1243363,DEEZER,4
2863078,DEEZER,14
1704204,DEEZER,1
1704199,DEEZER,2
1380682,DEEZER,5
1243351,DEEZER,20
1704191,DEEZER,2
3046588,DEEZER,4
1243358,DEEZER,3
1704159,DEEZER,16
1243357,DEEZER,3
1243354,DEEZER,4
1243355,DEEZER,3
1883599,DEEZER,2
1883584,DEEZER,6
2978683,DEEZER,14
1341692,DEEZER,3
1704206,DEEZER,4
1279519,DEEZER,1
716799,DEEZER,2
614563,DEEZER,1
1883596,DEEZER,7
1704165,DEEZER,5
840317,DEEZER,3
716805,DEEZER,1
1883557,DEEZER,22
716789,DEEZER,7
1243359,DEEZER,11
840308,DEEZER,15
840330,DEEZER,5
716803,DEEZER,2
1380664,DEEZER,1
1704198,DEEZER,2
1552929,DEEZER,22
2866258,DEEZER,1
1341662,DEEZER,3
754102,DEEZER,15
1704207,DEEZER,4
1243361,DEEZER,3
2978783,DEEZER,14
1883600,DEEZER,4
1883580,DEEZER,22
716794,DEEZER,2
1704171,DEEZER,4
1341718,DEEZER,3
1243353,DEEZER,28
1160157,DEEZER,4
1704183,DEEZER,2
1555533,DEEZER,3
716806,DEEZER,1
716791,DEEZER,1
1156415,DEEZER,8
613373,DEEZER,3
1341598,DEEZER,3
1555761,DEEZER,1
1553826,DEEZER,1
2861980,DEEZER,14
1704086,DEEZER,7
1200542,EDONKEY,19
1826442,EDONKEY,22
2416995,EDONKEY,17
1709025,EDONKEY,22
1709029,EDONKEY,22
1709031,EDONKEY,22
1709019,EDONKEY,22
2552983,EDONKEY,19
1610167,EDONKEY,22
1991231,EDONKEY,22
1201238,EDONKEY,24
2552856,EDONKEY,19
2552672,EDONKEY,16
1201129,EDONKEY,19
2475713,EDONKEY,16
3105734,EDONKEY,1
1201061,EDONKEY,19
1610730,EDONKEY,22
1251437,EDONKEY,16
2429102,EDONKEY,33
1611666,EDONKEY,22
1200971,EDONKEY,19
1709030,EDONKEY,22
1709018,EDONKEY,22
1709020,EDONKEY,22
2552756,EDONKEY,16
1709021,EDONKEY,22
1251592,EDONKEY,16
991576,EDONKEY,12
2426414,EDONKEY,33
451264,EDONKEY,19
1153807,EDONKEY,16
1251525,EDONKEY,22
1201241,EDONKEY,4
1183108,EDONKEY,1
2416996,EDONKEY,1
3275452,EDONKEY,23
1709027,EDONKEY,22
451315,EDONKEY,3
996127,EDONKEY,4
1709024,EDONKEY,22
1251346,EDONKEY,16
2478233,EDONKEY,16
1156712,EDONKEY,16
2477621,EDONKEY,16
1611292,EDONKEY,22
2372378,EDONKEY,16
1610446,EDONKEY,22
1611601,EDONKEY,22
2476973,EDONKEY,9
1611226,EDONKEY,22
2475538,EDONKEY,16
2372379,EDONKEY,4
1251644,EDONKEY,16
2476193,EDONKEY,16
1611558,EDONKEY,22
1709026,EDONKEY,22
1709032,EDONKEY,22
1200225,EDONKEY,19
2433457,EDONKEY,9
1991237,EDONKEY,22
1991238,EDONKEY,5
1201515,EDONKEY,1
2477810,EDONKEY,33
1611473,EDONKEY,15
1201514,EDONKEY,19
1152359,EDONKEY,16
1709022,EDONKEY,22
2477390,EDONKEY,16
1611123,EDONKEY,22
1611352,EDONKEY,22
1201309,EDONKEY,22
1709028,EDONKEY,22
1200282,EDONKEY,19
1182292,EDONKEY,19
1709033,EDONKEY,22
2475883,EDONKEY,33
1610582,EDONKEY,22
3275455,EDONKEY,1
1611632,EDONKEY,22
1611398,EDONKEY,22
1611443,EDONKEY,22
1251698,EDONKEY,22
2431940,EDONKEY,30
1004821,EDONKEY,7
995541,EDONKEY,31
3103695,EDONKEY,9
1610314,EDONKEY,22
2421308,EDONKEY,1
1709023,EDONKEY,9
1201100,EDONKEY,19
1610837,EDONKEY,9
1200520,EDONKEY,19
2553034,EDONKEY,9
1201312,EDONKEY,4
1794359,FTP_CONTROL,2
1734401,FTP_CONTROL,1
1791200,FTP_CONTROL,12
1791184,FTP_CONTROL,12
1735931,FTP_CONTROL,13
1791178,FTP_CONTROL,12
1791185,FTP_CONTROL,4
1791201,FTP_CONTROL,4
1735383,FTP_CONTROL,1
1734399,FTP_CONTROL,13
1791181,FTP_CONTROL,4
1734398,FTP_CONTROL,13
1735933,FTP_CONTROL,1
1735384,FTP_CONTROL,13
1791179,FTP_CONTROL,4
1735385,FTP_CONTROL,1
2718647,FTP_CONTROL,17
1791202,FTP_CONTROL,12
1735932,FTP_CONTROL,13
1735934,FTP_CONTROL,1
1791180,FTP_CONTROL,12
1735382,FTP_CONTROL,13
1734400,FTP_CONTROL,1
2718648,FTP_CONTROL,4
1791203,FTP_CONTROL,4
2265481,H323,14
2264320,H323,13
2214296,H323,4
3110776,H323,1
1830191,H323,11
1830192,H323,5
2264332,H323,12
2264321,H323,20
2211602,H323,11
2264325,H323,12
2264299,H323,12
2264330,H323,1
3110775,H323,2
2264300,H323,9
3138678,H323,19
2265485,H323,1
2264326,H323,12
3138695,H323,1
2211594,H323,1
2264334,H323,4
2264333,H323,3
2274781,IP_OSPF,4
2274778,IP_OSPF,5
2756408,IP_OSPF,4
2758128,IP_OSPF,1
2756407,IP_OSPF,4
2176281,LASTFM,9
2250580,LASTFM,4
2174792,LASTFM,8
2250370,LASTFM,20
2250182,LASTFM,2
2174789,LASTFM,14
2176283,LASTFM,4
2250181,LASTFM,5
2250372,LASTFM,28
2250371,LASTFM,20
2174793,LASTFM,13
2174791,LASTFM,14
2250581,LASTFM,4
2250373,LASTFM,12
2250369,LASTFM,18
2250579,LASTFM,9
2176282,LASTFM,1
2174790,LASTFM,14
1808109,LOTUS_NOTES,4
2496700,LOTUS_NOTES,18
1808108,LOTUS_NOTES,1
1808102,LOTUS_NOTES,2
1808092,LOTUS_NOTES,2
2496701,LOTUS_NOTES,4
158922,MAIL_IMAPS,15
162701,MAIL_IMAPS,8
3231368,MAIL_IMAPS,4
3231367,MAIL_IMAPS,17
1754378,MAIL_IMAPS,25
3233078,MAIL_IMAPS,8
158952,MAIL_IMAPS,1
3233080,MAIL_IMAPS,1
3377424,MAIL_IMAPS,12
2128450,MSSQL,5
2164410,MSSQL,7
2128469,MSSQL,3
2128519,MSSQL,14
2128503,MSSQL,6
2164420,MSSQL,7
2164412,MSSQL,2
430134,MSSQL,1
2128487,MSSQL,6
2615,MSSQL,22
2128478,MSSQL,7
430133,MSSQL,8
2164422,MSSQL,11
2957401,MSSQL,1
2957402,MSSQL,21
2164417,MSSQL,3
2164421,MSSQL,4
2128497,MSSQL,3
2617,MSSQL,4
2128513,MSSQL,6
2128439,MSSQL,2
915797,NFS,26
120750,OPENSIGNAL,32
21715,OPENSIGNAL,32
72045,OPENSIGNAL,32
119501,OPENSIGNAL,32
118017,OPENSIGNAL,32
121743,OPENSIGNAL,30
116343,OPENSIGNAL,32
52310,OPENSIGNAL,32
87603,OPENSIGNAL,30
697757,OPENVPN,11
3136261,OPENVPN,1
697760,OPENVPN,5
3136206,OPENVPN,14
2378366,ORACLE,11
562754,ORACLE,4
1072560,ORACLE,1
562667,ORACLE,2
562684,ORACLE,3
562711,ORACLE,3
562753,ORACLE,4
1072558,ORACLE,8
1072559,ORACLE,4
1072517,ORACLE,14
562734,ORACLE,3
562744,ORACLE,2
2378369,ORACLE,1
1072538,ORACLE,19
2571136,OSCAR,17
525377,OSCAR,4
1448556,OSCAR,1
526155,OSCAR,7
1908024,OSCAR,7
2775911,OSCAR,1
2571798,OSCAR,1
1401252,QQ,1
1399468,QQ,11
2799288,RADIUS,4
2799327,RADIUS,4
2504634,RADIUS,1
2799289,RADIUS,24
2504632,RADIUS,5
2236645,RTMP,5
2238930,RTMP,11
1465337,RTMP,31
2469572,RTMP,4
2236647,RTMP,1
2236646,RTMP,4
2274511,RTMP,28
1129426,RTMP,15
2031751,RTMP,1
2030361,RTMP,17
2076102,SIMET,1
441039,SIMET,9
2125002,SIMET,14
2071047,SIMET,3
310587,SIMET,9
819819,SKINNY,28
2771503,SKINNY,1
850096,SKINNY,1
819833,SKINNY,28
850095,SKINNY,8
819826,SKINNY,23
819834,SKINNY,3
819823,SKINNY,8
819831,SKINNY,14
1384842,SNMP,13
3199308,SNMP,23
3199307,SNMP,31
1384841,SNMP,13
3102102,SOCKS,1
828407,STARCRAFT,2
1947790,STARCRAFT,4
828398,STARCRAFT,19
2956961,TEAMSPEAK,1
2249956,TEAMSPEAK,17
3542573,TEAMSPEAK,4
3432601,TEAMSPEAK,5
1227070,TEAMSPEAK,2
1227075,TEAMSPEAK,4
2956909,TEAMSPEAK,3
2249963,TEAMSPEAK,1
2249935,TEAMSPEAK,9
1227074,TEAMSPEAK,1
3432539,TEAMSPEAK,3
2249898,TEAMSPEAK,17
3354393,TELEGRAM,11
3354765,TELEGRAM,3
3354160,TELEGRAM,6
1525186,TELEGRAM,7
3063073,TELEGRAM,21
3193093,TELEGRAM,5
3354636,TELEGRAM,4
3058604,TELEGRAM,28
3193001,TELEGRAM,15
3063007,TELEGRAM,23
3351192,TELEGRAM,3
3463359,TELEGRAM,3
3183563,TELEGRAM,28
3061734,TELEGRAM,21
3183659,TELEGRAM,20
3063145,TELEGRAM,21
3463265,TELEGRAM,6
3192961,TELEGRAM,23
3193036,TELEGRAM,28
3353776,TELEGRAM,7
3354691,TELEGRAM,7
3183712,TELEGRAM,7
3463392,TELEGRAM,2
3463301,TELEGRAM,5
3183605,TELEGRAM,28
3193064,TELEGRAM,2
3349887,TELEGRAM,3
3354916,TELEGRAM,7
3063226,TELEGRAM,6
3354286,TELEGRAM,11
3060986,TELEGRAM,21
3062264,TELEGRAM,7
3463366,TELEGRAM,7
3516042,TIMMEU,1
3470463,TIMMEU,11
3470466,TIMMEU,7
3470487,TIMMEU,3
3470119,TIMMEU,7
3534305,TIMMEU,1
3534016,TIMMEU,5
3470458,TIMMEU,11
3495785,TIMMEU,4
3471029,TIMMEU,1
3470533,TIMMEU,23
3470188,TIMMEU,5
3470459,TIMMEU,7
3470060,TIMMEU,9
3470486,TIMMEU,6
3471521,TIMMEU,4
3471027,TIMMEU,13
3470047,TIMMEU,3
3470484,TIMMEU,7
3470050,TIMMEU,3
3470460,TIMMEU,3
3533957,TIMMEU,5
3470051,TIMMEU,11
3470049,TIMMEU,3
3533982,TIMMEU,3
3534304,TIMMEU,6
3533958,TIMMEU,9
3470465,TIMMEU,7
3494908,TIMMEU,7
3471581,TIMMEU,4
3470048,TIMMEU,11
3470197,TIMMEU,5
3533956,TIMMEU,6
3470555,TIMMEU,3
183506,TWITCH,1
183507,TWITCH,1
257286,TWITCH,15
183503,TWITCH,15
185232,TWITCH,5
184186,TWITCH,9
183505,TWITCH,1
257346,TWITCH,8
257486,TWITCH,1
186055,TWITCH,5
257362,TWITCH,1
257285,TWITCH,14
183626,TWITCH,14
183637,TWITCH,2
257288,TWITCH,8
257344,TWITCH,14
257420,TWITCH,9
185511,TWITCH,1
257292,TWITCH,1
183502,TWITCH,14
257293,TWITCH,1
183501,TWITCH,15
257360,TWITCH,1
257291,TWITCH,1
3488051,UNENCRYPED_JABBER,24
2613881,UNENCRYPED_JABBER,15
736882,UNENCRYPED_JABBER,17
3570775,UNENCRYPED_JABBER,4
2703763,UNENCRYPED_JABBER,1
1130810,UNENCRYPED_JABBER,2
473893,UNENCRYPED_JABBER,17
1398649,UNENCRYPED_JABBER,17
1126896,UNENCRYPED_JABBER,17
1132105,UNENCRYPED_JABBER,1
474586,UNENCRYPED_JABBER,2
369445,UNENCRYPED_JABBER,23
321093,UNENCRYPED_JABBER,1
2613824,UNENCRYPED_JABBER,11
2695018,UNENCRYPED_JABBER,2
1250557,UNENCRYPED_JABBER,4
318855,UNENCRYPED_JABBER,17
359076,UNENCRYPED_JABBER,6
363625,UNENCRYPED_JABBER,26
1131940,UNENCRYPED_JABBER,1
358163,UNENCRYPED_JABBER,9
2695017,UNENCRYPED_JABBER,1
1131392,UNENCRYPED_JABBER,4
360588,UNENCRYPED_JABBER,28
2695016,UNENCRYPED_JABBER,2
472023,UNENCRYPED_JABBER,4
3570571,UNENCRYPED_JABBER,4
1401129,UNENCRYPED_JABBER,1
471298,UNENCRYPED_JABBER,17
2699020,UNENCRYPED_JABBER,1
2695019,UNENCRYPED_JABBER,1
2695015,UNENCRYPED_JABBER,25
1131105,UNENCRYPED_JABBER,4
320673,UNENCRYPED_JABBER,4
322276,UNENCRYPED_JABBER,2
320152,UNENCRYPED_JABBER,17
362244,UNENCRYPED_JABBER,14
2614006,UNENCRYPED_JABBER,1
1132210,UNENCRYPED_JABBER,2
1132051,UNENCRYPED_JABBER,4
736883,UNENCRYPED_JABBER,4
613102,UNENCRYPED_JABBER,17
1129672,UNENCRYPED_JABBER,4
3570659,UNENCRYPED_JABBER,2
471867,UNENCRYPED_JABBER,4
3464856,UPNP,24
2210445,UPNP,1
2210066,UPNP,4
3397432,UPNP,21
2344643,UPNP,33
3512638,UPNP,1
2345019,UPNP,1
3511902,UPNP,21
3464987,UPNP,1
3397132,UPNP,4
3464714,UPNP,24
3392857,UPNP,23
2343782,UPNP,30
3397547,UPNP,15
3394072,UPNP,18
2343929,UPNP,30
3397674,UPNP,1
3464951,UPNP,21
3397035,UPNP,21
3397640,UPNP,14
2343569,UPNP,33
414152,UPNP,1
3512334,UPNP,15
2210548,UPNP,4
3396965,UPNP,21
2210102,UPNP,4
2210150,UPNP,4
3464790,UPNP,8
3396811,UPNP,18
421138,UPNP,1
421137,UPNP,17
3464875,UPNP,1
3395341,UPNP,28
414150,UPNP,11
356496,WAZE,20
356505,WAZE,1
3081432,WAZE,9
408778,WAZE,2
357605,WAZE,1
408098,WAZE,1
408048,WAZE,20
3081140,WAZE,9
408047,WAZE,20
407864,WAZE,20
408046,WAZE,20
356497,WAZE,20
407862,WAZE,20
3145701,WAZE,12
408082,WAZE,19
408049,WAZE,15
356492,WAZE,20
3145695,WAZE,12
356501,WAZE,1
357464,WAZE,19
408800,WAZE,2
356499,WAZE,1
357609,WAZE,1
3073540,WAZE,9
3145702,WAZE,15
407992,WAZE,19
357608,WAZE,1
3190554,WAZE,17
357604,WAZE,20
408819,WAZE,2
356495,WAZE,20
407859,WAZE,20
3185854,WAZE,9
3145670,WAZE,12
407860,WAZE,20
3082742,WAZE,9
356500,WAZE,1
3186005,WAZE,9
357602,WAZE,20
408761,WAZE,2
408858,WAZE,2
356494,WAZE,20
3145684,WAZE,12
408809,WAZE,2
357700,WAZE,1
407865,WAZE,20
408804,WAZE,2
3197273,WAZE,14
3145672,WAZE,12
3079079,WAZE,9
3552793,WAZE,19
357610,WAZE,1
3186056,WAZE,9
3186107,WAZE,9
357601,WAZE,20
3145689,WAZE,12
3193466,WAZE,13
357607,WAZE,1
3084036,WAZE,9
356504,WAZE,1
357603,WAZE,14
356493,WAZE,20
407866,WAZE,4
407863,WAZE,4
357606,WAZE,1
407861,WAZE,20
3190552,WAZE,12
3145698,WAZE,12
357599,WAZE,18
357692,WAZE,22
357600,WAZE,20
408786,WAZE,2
3084383,WAZE,13
408045,WAZE,20
3190555,WAZE,17
3190553,WAZE,12
3082599,WAZE,9
408050,WAZE,20
356502,WAZE,1
849235,WHOIS_DAS,17
846835,WHOIS_DAS,1
768005,WHOIS_DAS,4
767987,WHOIS_DAS,5
781293,WHOIS_DAS,4
817355,WHOIS_DAS,15
849236,WHOIS_DAS,1
768146,WHOIS_DAS,4
817356,WHOIS_DAS,1
784093,WHOIS_DAS,1
