index,label,cluster
3533904,AMAZON,1
365549,AMAZON,4
2923202,AMAZON,4
2956577,AMAZON,9
2431621,AMAZON,2
3240695,AMAZON,4
2920983,AMAZON,27
2587699,AMAZON,2
3013430,AMAZON,1
1406890,AMAZON,2
2693643,AMAZON,21
2904812,AMAZON,4
2573941,AMAZON,2
176382,AMAZON,3
3040082,AMAZON,8
2550120,AMAZON,2
119246,AMAZON,11
2075541,AMAZON,4
2309657,AMAZON,3
2061497,AMAZON,2
1772111,AMAZON,4
1440478,AMAZON,4
2195113,AMAZON,1
2066554,AMAZON,2
1869697,AMAZON,7
2205033,AMAZON,1
9436,AMAZON,4
623572,AMAZON,22
2432008,AMAZON,2
2070650,AMAZON,4
624119,AMAZON,3
2065908,AMAZON,2
1773022,AMAZON,5
2437202,AMAZON,2
1005576,AMAZON,8
2430277,AMAZON,2
2428270,AMAZON,2
589083,AMAZON,15
2549822,AMAZON,2
320570,AMAZON,6
2168755,AMAZON,5
1740953,AMAZON,19
67369,AMAZON,11
2425171,AMAZON,5
1936233,AMAZON,2
1780030,AMAZON,2
2160222,AMAZON,2
2060137,AMAZON,4
1920621,AMAZON,8
2434088,AMAZON,2
363898,AMAZON,2
3479916,AMAZON,1
2430070,AMAZON,2
2983867,AMAZON,23
2697656,AMAZON,2
1718217,AMAZON,8
3289383,AMAZON,1
2073208,AMAZON,2
484649,AMAZON,9
315417,AMAZON,8
2160224,AMAZON,2
2318350,AMAZON,8
2059681,AMAZON,4
2205695,AMAZON,3
2574573,AMAZON,2
2714644,AMAZON,3
2587637,AMAZON,2
2067191,AMAZON,2
2063631,AMAZON,4
2074148,AMAZON,2
3480013,AMAZON,1
3499561,AMAZON,8
1974791,AMAZON,7
2403370,AMAZON,2
1781966,AMAZON,22
2318044,AMAZON,2
2574531,AMAZON,2
2735355,AMAZON,1
2428802,AMAZON,2
3064610,AMAZON,3
2583605,AMAZON,2
2183614,AMAZON,8
172834,AMAZON,4
867265,AMAZON,11
2023930,AMAZON,4
312328,AMAZON,5
1763090,AMAZON,5
1561023,AMAZON,11
1399020,AMAZON,4
2159896,AMAZON,2
170171,AMAZON,5
2443930,AMAZON,6
2069605,AMAZON,2
1130642,AMAZON,22
3230612,AMAZON,3
1274068,AMAZON,9
2550620,AMAZON,2
1032755,AMAZON,5
2074561,AMAZON,2
2170889,AMAZON,21
2916180,APPLE,5
139053,APPLE,5
2657293,APPLE,4
2398240,APPLE,20
2915911,APPLE,5
363259,APPLE,5
2175213,APPLE,5
444714,APPLE,15
155890,APPLE,2
497545,APPLE,30
362795,APPLE,2
242466,APPLE,2
2962893,APPLE,8
2929951,APPLE,15
2372244,APPLE,4
2921823,APPLE,5
2914339,APPLE,5
3368770,APPLE,21
2920079,APPLE,21
360434,APPLE,8
835404,APPLE,7
2925462,APPLE,5
485621,APPLE,1
2600363,APPLE,5
2608415,APPLE,4
2886908,APPLE,3
3422698,APPLE,16
3491867,APPLE,5
3003001,APPLE,16
1279018,APPLE,2
2917172,APPLE,2
2158419,APPLE,21
2903937,APPLE,20
3001520,APPLE,5
439206,APPLE,16
2600443,APPLE,5
2904539,APPLE,5
149388,APPLE,1
1826775,APPLE,12
2998854,APPLE,8
2913557,APPLE,5
444107,APPLE,8
2998390,APPLE,8
2584402,APPLE,3
2175661,APPLE,5
570575,APPLE,8
3218389,APPLE,4
583307,APPLE,8
3139854,APPLE,16
2118441,APPLE,1
3000484,APPLE,11
809667,APPLE,16
149488,APPLE,1
2962800,APPLE,4
3546663,APPLE,1
2917840,APPLE,15
2461870,APPLE,15
242477,APPLE,8
2874114,APPLE,5
3000830,APPLE,16
3003138,APPLE,16
2907811,APPLE,15
368824,APPLE,15
2995916,APPLE,3
2175220,APPLE,5
2997866,APPLE,8
293900,APPLE,21
258021,APPLE,1
2994837,APPLE,8
2917923,APPLE,4
2891957,APPLE,3
440402,APPLE,8
143179,APPLE,1
439215,APPLE,11
169358,APPLE,1
878600,APPLE,8
2901664,APPLE,5
2922801,APPLE,5
3369954,APPLE,22
3000752,APPLE,1
3001223,APPLE,31
3003563,APPLE,16
2112041,APPLE,8
3000553,APPLE,8
363849,APPLE,5
3001528,APPLE,3
2915382,APPLE,5
2657419,APPLE,5
2998265,APPLE,16
2995036,APPLE,11
2855012,APPLE,8
3002286,APPLE,1
444654,APPLE,2
2997769,APPLE,16
3367737,APPLE,6
3368088,APPLE,15
2913488,APPLE,5
2250702,APPLE,8
2657464,APPLE,11
3438899,APPLE,1
3139856,APPLE_ICLOUD,4
2457457,APPLE_ICLOUD,3
3084639,APPLE_ICLOUD,4
2901100,APPLE_ICLOUD,4
3005681,APPLE_ICLOUD,1
2901180,APPLE_ICLOUD,8
23227,APPLE_ICLOUD,1
2901083,APPLE_ICLOUD,4
3086829,APPLE_ICLOUD,11
2920552,APPLE_ICLOUD,27
735904,APPLE_ICLOUD,2
283461,APPLE_ICLOUD,8
138750,APPLE_ICLOUD,5
3428051,APPLE_ICLOUD,16
834768,APPLE_ICLOUD,8
1151099,APPLE_ICLOUD,4
2591246,APPLE_ICLOUD,2
141908,APPLE_ICLOUD,2
3237275,APPLE_ICLOUD,4
141462,APPLE_ICLOUD,2
442429,APPLE_ICLOUD,1
3133264,APPLE_ICLOUD,4
3084638,APPLE_ICLOUD,2
2538043,APPLE_ICLOUD,8
1278873,APPLE_ICLOUD,3
2901656,APPLE_ICLOUD,3
2904161,APPLE_ICLOUD,1
1430978,APPLE_ICLOUD,19
2998414,APPLE_ICLOUD,8
1999811,APPLE_ICLOUD,8
1574363,APPLE_ICLOUD,4
2012065,APPLE_ICLOUD,21
2915642,APPLE_ICLOUD,4
3365804,APPLE_ICLOUD,4
3237276,APPLE_ICLOUD,3
3005437,APPLE_ICLOUD,4
1158009,APPLE_ICLOUD,2
2901225,APPLE_ICLOUD,3
2645417,APPLE_ICLOUD,20
283504,APPLE_ICLOUD,8
2717801,APPLE_ICLOUD,5
2327579,APPLE_ICLOUD,2
2250349,APPLE_ICLOUD,17
283529,APPLE_ICLOUD,8
3301373,APPLE_ICLOUD,4
1363578,APPLE_ICLOUD,8
1261922,APPLE_ICLOUD,3
3363436,APPLE_ICLOUD,2
138770,APPLE_ICLOUD,2
6730,APPLE_ICLOUD,1
3363850,APPLE_ICLOUD,4
2645437,APPLE_ICLOUD,17
2865279,APPLE_ICLOUD,3
2922408,APPLE_ICLOUD,4
3237274,APPLE_ICLOUD,16
283519,APPLE_ICLOUD,8
3024848,APPLE_ICLOUD,4
3005436,APPLE_ICLOUD,4
2134240,APPLE_ICLOUD,11
1548923,APPLE_ICLOUD,3
2852070,APPLE_ICLOUD,5
735896,APPLE_ICLOUD,2
1152686,APPLE_ICLOUD,5
2864007,APPLE_ICLOUD,3
1999812,APPLE_ICLOUD,4
2922407,APPLE_ICLOUD,8
2886282,APPLE_ICLOUD,3
3005432,APPLE_ICLOUD,4
363415,APPLE_ICLOUD,6
735962,APPLE_ICLOUD,2
2331032,APPLE_ICLOUD,8
712280,APPLE_ICLOUD,8
2994973,APPLE_ICLOUD,4
3139841,APPLE_ICLOUD,4
2460169,APPLE_ICLOUD,5
3005640,APPLE_ICLOUD,4
2930121,APPLE_ICLOUD,2
439630,APPLE_ICLOUD,8
2457456,APPLE_ICLOUD,4
443998,APPLE_ICLOUD,8
1430979,APPLE_ICLOUD,12
3005431,APPLE_ICLOUD,8
3452871,APPLE_ICLOUD,11
357275,APPLE_ICLOUD,6
3452999,APPLE_ICLOUD,16
1363608,APPLE_ICLOUD,8
33488,APPLE_ICLOUD,5
141815,APPLE_ICLOUD,5
3426965,APPLE_ICLOUD,4
2371136,APPLE_ICLOUD,1
2790060,APPLE_ICLOUD,20
2802471,APPLE_ICLOUD,4
2901203,APPLE_ICLOUD,3
2250169,APPLE_ICLOUD,8
2901182,APPLE_ICLOUD,3
1158010,APPLE_ICLOUD,4
1152899,APPLE_ICLOUD,4
2901098,APPLE_ICLOUD,3
3000323,APPLE_ICLOUD,1
141728,APPLE_ICLOUD,5
2250739,APPLE_ITUNES,3
2250595,APPLE_ITUNES,16
2868856,APPLE_ITUNES,2
366938,APPLE_ITUNES,22
759293,APPLE_ITUNES,2
1826758,APPLE_ITUNES,7
1972237,APPLE_ITUNES,7
3363825,APPLE_ITUNES,4
2997198,APPLE_ITUNES,6
367015,APPLE_ITUNES,4
456399,APPLE_ITUNES,12
2994954,APPLE_ITUNES,4
2257234,APPLE_ITUNES,1
2173028,APPLE_ITUNES,5
2250412,APPLE_ITUNES,8
2175078,APPLE_ITUNES,5
2250888,APPLE_ITUNES,3
624466,APPLE_ITUNES,4
2902262,APPLE_ITUNES,15
1637732,APPLE_ITUNES,8
2250862,APPLE_ITUNES,3
456576,APPLE_ITUNES,13
3024805,APPLE_ITUNES,7
456396,APPLE_ITUNES,12
2995070,APPLE_ITUNES,8
3180218,APPLE_ITUNES,18
2854094,APPLE_ITUNES,5
3005503,APPLE_ITUNES,1
1826767,APPLE_ITUNES,12
501509,APPLE_ITUNES,2
2023702,APPLE_ITUNES,21
969136,APPLE_ITUNES,9
2907638,APPLE_ITUNES,5
2994952,APPLE_ITUNES,1
362395,APPLE_ITUNES,2
1018076,APPLE_ITUNES,15
2657442,APPLE_ITUNES,15
1922673,APPLE_ITUNES,2
31892,APPLE_ITUNES,5
360954,APPLE_ITUNES,4
2257195,APPLE_ITUNES,1
2874162,APPLE_ITUNES,5
969114,APPLE_ITUNES,9
713127,APPLE_ITUNES,13
1985824,APPLE_ITUNES,8
2257248,APPLE_ITUNES,3
713123,APPLE_ITUNES,13
2250803,APPLE_ITUNES,3
2916281,APPLE_ITUNES,5
503871,APPLE_ITUNES,22
318220,APPLE_ITUNES,11
2175028,APPLE_ITUNES,2
2854185,APPLE_ITUNES,1
583985,APPLE_ITUNES,9
1581310,APPLE_ITUNES,12
2886982,APPLE_ITUNES,5
2928785,APPLE_ITUNES,15
2175243,APPLE_ITUNES,5
2903442,APPLE_ITUNES,15
2250379,APPLE_ITUNES,16
2868703,APPLE_ITUNES,2
2250542,APPLE_ITUNES,8
1921272,APPLE_ITUNES,5
362394,APPLE_ITUNES,2
3070135,APPLE_ITUNES,5
2173059,APPLE_ITUNES,5
2173077,APPLE_ITUNES,2
2655050,APPLE_ITUNES,1
2868674,APPLE_ITUNES,2
1774402,APPLE_ITUNES,15
2250584,APPLE_ITUNES,8
2250467,APPLE_ITUNES,16
584092,APPLE_ITUNES,13
3000361,APPLE_ITUNES,8
811988,APPLE_ITUNES,18
550576,APPLE_ITUNES,1
2997808,APPLE_ITUNES,3
2250425,APPLE_ITUNES,8
72692,APPLE_ITUNES,2
620134,APPLE_ITUNES,2
2175045,APPLE_ITUNES,3
1775002,APPLE_ITUNES,2
2426999,APPLE_ITUNES,3
1110089,APPLE_ITUNES,9
2173978,APPLE_ITUNES,5
3005646,APPLE_ITUNES,8
2998899,APPLE_ITUNES,8
759663,APPLE_ITUNES,2
2655076,APPLE_ITUNES,1
2867612,APPLE_ITUNES,5
1778064,APPLE_ITUNES,25
2175060,APPLE_ITUNES,2
2918695,APPLE_ITUNES,4
1138929,APPLE_ITUNES,13
30437,APPLE_ITUNES,18
1090814,APPLE_ITUNES,1
503784,APPLE_ITUNES,4
456477,APPLE_ITUNES,9
1586318,APPLE_ITUNES,18
2175269,APPLE_ITUNES,1
3057919,CLOUDFLARE,5
1533055,CLOUDFLARE,5
1268172,CLOUDFLARE,4
1532183,CLOUDFLARE,5
2721938,CLOUDFLARE,4
2879338,CLOUDFLARE,22
3351830,CLOUDFLARE,11
1034302,CLOUDFLARE,9
1567073,CLOUDFLARE,2
354635,CLOUDFLARE,15
1790302,CLOUDFLARE,8
1262632,CLOUDFLARE,4
358949,CLOUDFLARE,3
2459811,CLOUDFLARE,15
1526460,CLOUDFLARE,3
1899690,CLOUDFLARE,5
1527455,CLOUDFLARE,4
2581246,CLOUDFLARE,11
181208,CLOUDFLARE,15
3340853,CLOUDFLARE,1
1898032,CLOUDFLARE,5
2877764,CLOUDFLARE,4
3060868,CLOUDFLARE,5
1915288,CLOUDFLARE,4
3378847,CLOUDFLARE,31
1721615,CLOUDFLARE,11
2070559,CLOUDFLARE,11
617723,CLOUDFLARE,4
1292489,CLOUDFLARE,11
1196736,CLOUDFLARE,12
1166763,CLOUDFLARE,27
1896185,CLOUDFLARE,8
1755296,CLOUDFLARE,11
1284619,CLOUDFLARE,6
2319915,CLOUDFLARE,6
1538422,CLOUDFLARE,1
161302,CLOUDFLARE,3
3211503,CLOUDFLARE,11
2434596,CLOUDFLARE,11
1603985,CLOUDFLARE,5
1528506,CLOUDFLARE,35
225365,CLOUDFLARE,4
467476,CLOUDFLARE,4
2727319,CLOUDFLARE,2
2715084,CLOUDFLARE,14
1564920,CLOUDFLARE,4
2608031,CLOUDFLARE,16
2436533,CLOUDFLARE,4
2057213,CLOUDFLARE,1
759634,CLOUDFLARE,11
1534919,CLOUDFLARE,5
1902581,CLOUDFLARE,4
2897945,CLOUDFLARE,3
2419941,CLOUDFLARE,2
799802,CLOUDFLARE,9
145402,CLOUDFLARE,4
2428762,CLOUDFLARE,5
1794915,CLOUDFLARE,31
2447718,CLOUDFLARE,15
2311394,CLOUDFLARE,35
1427908,CLOUDFLARE,15
1156589,CLOUDFLARE,2
1559374,CLOUDFLARE,22
34505,CLOUDFLARE,5
2409985,CLOUDFLARE,5
2436554,CLOUDFLARE,4
3412300,CLOUDFLARE,1
2429624,CLOUDFLARE,1
3234904,CLOUDFLARE,28
2038844,CLOUDFLARE,11
1007239,CLOUDFLARE,9
627578,CLOUDFLARE,31
1017993,CLOUDFLARE,5
1427901,CLOUDFLARE,15
1538332,CLOUDFLARE,5
1391382,CLOUDFLARE,3
1529586,CLOUDFLARE,1
3480242,CLOUDFLARE,16
3059261,CLOUDFLARE,5
1139426,CLOUDFLARE,5
3360185,CLOUDFLARE,4
3057951,CLOUDFLARE,1
1027956,CLOUDFLARE,15
3482890,CLOUDFLARE,22
2103999,CLOUDFLARE,1
2557403,CLOUDFLARE,1
1561250,CLOUDFLARE,11
174215,CLOUDFLARE,22
927196,CLOUDFLARE,4
176863,CLOUDFLARE,6
499879,CLOUDFLARE,31
1538816,CLOUDFLARE,5
1277160,CLOUDFLARE,2
2581638,CLOUDFLARE,5
1026400,CLOUDFLARE,3
622072,CLOUDFLARE,3
1037905,CLOUDFLARE,15
1392252,CLOUDFLARE,5
2879309,CLOUDFLARE,1
759645,CLOUDFLARE,3
3492197,CONTENT_FLASH,5
3490296,CONTENT_FLASH,4
2033060,CONTENT_FLASH,2
1027740,CONTENT_FLASH,2
3489798,CONTENT_FLASH,2
1025370,CONTENT_FLASH,22
1538154,CONTENT_FLASH,2
2045255,CONTENT_FLASH,2
1539519,CONTENT_FLASH,2
3491684,CONTENT_FLASH,2
3211267,CONTENT_FLASH,2
1028087,CONTENT_FLASH,2
2046738,CONTENT_FLASH,2
1539720,CONTENT_FLASH,2
2046212,CONTENT_FLASH,2
1533620,CONTENT_FLASH,2
3492413,CONTENT_FLASH,2
3492873,CONTENT_FLASH,16
2183290,CONTENT_FLASH,2
1727673,CONTENT_FLASH,2
2180243,CONTENT_FLASH,2
1027673,CONTENT_FLASH,2
3490686,CONTENT_FLASH,4
1897319,CONTENT_FLASH,2
3236834,CONTENT_FLASH,4
1900711,CONTENT_FLASH,2
1907550,CONTENT_FLASH,2
2184451,CONTENT_FLASH,4
1907191,CONTENT_FLASH,2
1024037,CONTENT_FLASH,2
21571,CONTENT_FLASH,2
3490665,CONTENT_FLASH,4
3213869,CONTENT_FLASH,2
1729583,CONTENT_FLASH,2
3239059,CONTENT_FLASH,2
1533245,CONTENT_FLASH,2
1733545,CONTENT_FLASH,2
1906782,CONTENT_FLASH,2
2034043,CONTENT_FLASH,2
3216512,CONTENT_FLASH,2
1726188,CONTENT_FLASH,2
2045189,CONTENT_FLASH,2
1728456,CONTENT_FLASH,2
1734616,CONTENT_FLASH,2
3491028,CONTENT_FLASH,4
1544024,CONTENT_FLASH,2
1533572,CONTENT_FLASH,2
1534197,CONTENT_FLASH,2
2177008,CONTENT_FLASH,2
1023331,CONTENT_FLASH,22
3491251,CONTENT_FLASH,4
3490669,CONTENT_FLASH,2
1532890,CONTENT_FLASH,2
1026102,CONTENT_FLASH,22
28751,CONTENT_FLASH,5
3212582,CONTENT_FLASH,2
2181055,CONTENT_FLASH,2
1539193,CONTENT_FLASH,2
3237335,CONTENT_FLASH,35
2187147,CONTENT_FLASH,2
1022546,CONTENT_FLASH,2
1897028,CONTENT_FLASH,2
1534233,CONTENT_FLASH,2
48927,CONTENT_FLASH,5
2046005,CONTENT_FLASH,2
3215741,CONTENT_FLASH,2
5111,CONTENT_FLASH,2
3490131,CONTENT_FLASH,4
3211902,CONTENT_FLASH,2
1023484,CONTENT_FLASH,22
3212587,CONTENT_FLASH,2
2180411,CONTENT_FLASH,2
3495820,CONTENT_FLASH,4
1023541,CONTENT_FLASH,2
3490630,CONTENT_FLASH,5
1533661,CONTENT_FLASH,2
1026009,CONTENT_FLASH,2
3238541,CONTENT_FLASH,2
3494779,CONTENT_FLASH,15
1735554,CONTENT_FLASH,2
1022633,CONTENT_FLASH,22
1898949,CONTENT_FLASH,2
3322141,CONTENT_FLASH,1
1898094,CONTENT_FLASH,2
3060165,CONTENT_FLASH,2
1896108,CONTENT_FLASH,2
1901552,CONTENT_FLASH,2
1024295,CONTENT_FLASH,22
1026933,CONTENT_FLASH,2
1908076,CONTENT_FLASH,2
1896671,CONTENT_FLASH,2
3489718,CONTENT_FLASH,4
1544634,CONTENT_FLASH,2
2188180,CONTENT_FLASH,2
2182826,CONTENT_FLASH,2
2181676,CONTENT_FLASH,5
2035954,CONTENT_FLASH,2
2033351,CONTENT_FLASH,2
2174860,CONTENT_FLASH,2
99413,CONTENT_FLASH,2
2621153,DNS,5
2552448,DNS,24
3572167,DNS,24
216611,DNS,1
395322,DNS,6
2699323,DNS,24
2340847,DNS,14
1459619,DNS,25
3387420,DNS,24
986333,DNS,25
914919,DNS,24
1121430,DNS,25
3405112,DNS,23
2476190,DNS,24
725606,DNS,21
373850,DNS,25
2082949,DNS,24
986270,DNS,24
2346377,DNS,24
2476963,DNS,18
2845266,DNS,24
2221142,DNS,7
661985,DNS,7
786794,DNS,7
1458948,DNS,25
1299400,DNS,1
1460565,DNS,5
985839,DNS,24
2025007,DNS,24
3399068,DNS,7
2467095,DNS,9
1062623,DNS,3
727589,DNS,20
2846335,DNS,33
2161590,DNS,24
3187532,DNS,24
777220,DNS,24
906207,DNS,24
3258927,DNS,5
2396274,DNS,24
1185481,DNS,24
1611560,DNS,25
391291,DNS,9
660585,DNS,7
728048,DNS,20
1610789,DNS,7
1612794,DNS,24
1460410,DNS,1
3187137,DNS,24
3194710,DNS,24
3380794,DNS,24
1178444,DNS,25
126666,DNS,1
2769459,DNS,33
2623737,DNS,7
3195976,DNS,5
1299029,DNS,24
767473,DNS,24
1379761,DNS,33
2618342,DNS,24
2621773,DNS,24
2770200,DNS,3
1908388,DNS,14
728051,DNS,20
676961,DNS,1
1055890,DNS,33
78487,DNS,1
3110849,DNS,24
847517,DNS,33
3098994,DNS,24
2637381,DNS,33
2637375,DNS,33
1304455,DNS,24
918205,DNS,33
1187812,DNS,9
123830,DNS,33
1183075,DNS,24
207457,DNS,7
523634,DNS,7
916533,DNS,15
533982,DNS,9
2464566,DNS,24
725023,DNS,21
776538,DNS,25
2348069,DNS,9
2161252,DNS,1
3103440,DNS,24
3464550,DNS,24
2171534,DNS,1
2552678,DNS,24
3522016,DNS,2
2239504,DNS,9
1315995,DNS,24
2086984,DNS,24
201423,DNS,25
914397,DNS,24
791270,DNS,9
386610,DNS,7
2621098,DNS,9
2343761,DNS,24
927600,DROPBOX,21
1968400,DROPBOX,1
2701220,DROPBOX,4
26394,DROPBOX,1
1122417,DROPBOX,1
1618002,DROPBOX,21
466644,DROPBOX,2
2025537,DROPBOX,6
676702,DROPBOX,1
2539271,DROPBOX,1
3316177,DROPBOX,1
2943574,DROPBOX,6
1779654,DROPBOX,1
1055678,DROPBOX,1
437300,DROPBOX,20
3525203,DROPBOX,1
927738,DROPBOX,6
1809944,DROPBOX,22
591919,DROPBOX,1
434926,DROPBOX,17
1066703,DROPBOX,21
3525336,DROPBOX,6
1240698,DROPBOX,1
2482777,DROPBOX,25
482364,DROPBOX,5
3044429,DROPBOX,1
2482646,DROPBOX,1
1617849,DROPBOX,6
3044428,DROPBOX,8
1073459,DROPBOX,20
3276824,DROPBOX,3
2107428,DROPBOX,18
1066508,DROPBOX,11
1066284,DROPBOX,6
2351455,DROPBOX,1
800115,DROPBOX,6
2351384,DROPBOX,6
3483959,DROPBOX,16
676747,DROPBOX,6
2781097,DROPBOX,1
3525167,DROPBOX,11
3413334,DROPBOX,11
225782,DROPBOX,6
3044559,DROPBOX,6
1254443,DROPBOX,6
676667,DROPBOX,6
2351279,DROPBOX,3
2162995,DROPBOX,11
2025550,DROPBOX,1
1141865,DROPBOX,5
584517,DROPBOX,1
2396803,DROPBOX,6
537247,DROPBOX,1
1197296,DROPBOX,1
1465791,DROPBOX,22
2781054,DROPBOX,6
3333083,DROPBOX,6
538206,DROPBOX,21
2858214,DROPBOX,8
538232,DROPBOX,6
800133,DROPBOX,6
1667414,DROPBOX,13
1066689,DROPBOX,1
3333181,DROPBOX,1
3127644,DROPBOX,2
250192,DROPBOX,17
3127629,DROPBOX,4
3044474,DROPBOX,4
927597,DROPBOX,4
1618371,DROPBOX,11
2553385,DROPBOX,1
2834656,DROPBOX,1
2943526,DROPBOX,27
299358,DROPBOX,6
2496892,DROPBOX,1
1333086,DROPBOX,17
1617840,DROPBOX,22
395128,DROPBOX,1
1021110,DROPBOX,11
3189312,DROPBOX,1
2296037,DROPBOX,15
3525428,DROPBOX,1
3525161,DROPBOX,1
226066,DROPBOX,1
899028,DROPBOX,2
2635352,DROPBOX,1
357630,DROPBOX,1
2460456,DROPBOX,4
2781321,DROPBOX,3
287605,DROPBOX,16
1438996,DROPBOX,4
169083,DROPBOX,4
119222,DROPBOX,1
2351406,DROPBOX,3
538298,DROPBOX,6
126283,DROPBOX,1
3413767,DROPBOX,16
3413449,DROPBOX,1
800264,DROPBOX,6
2896276,DROPBOX,4
1933073,EBAY,4
1479288,EBAY,7
3425757,EBAY,17
709299,EBAY,7
1937418,EBAY,4
1435906,EBAY,27
1479368,EBAY,7
1479224,EBAY,7
1956582,EBAY,29
1479490,EBAY,1
1932193,EBAY,5
116198,EBAY,1
2917977,EBAY,5
125367,EBAY,3
2040038,EBAY,16
2118666,EBAY,7
1533195,EBAY,11
1969008,EBAY,7
854244,EBAY,16
2051129,EBAY,4
2109673,EBAY,13
2123354,EBAY,26
1479434,EBAY,1
3561084,EBAY,13
2051127,EBAY,4
2109705,EBAY,17
2119168,EBAY,12
1973905,EBAY,13
2118665,EBAY,12
1083946,EBAY,1
73432,EBAY,1
1973829,EBAY,13
633452,EBAY,22
1533196,EBAY,16
2109657,EBAY,17
2561680,EBAY,4
1435454,EBAY,11
1435124,EBAY,22
2043561,EBAY,2
2661855,EBAY,26
477137,EBAY,3
1932873,EBAY,8
609796,EBAY,6
3561110,EBAY,23
2109758,EBAY,18
3378135,EBAY,5
1932906,EBAY,4
633447,EBAY,22
709292,EBAY,7
1479269,EBAY,13
1688378,EBAY,7
1688376,EBAY,7
1973808,EBAY,7
1937244,EBAY,4
587063,EBAY,7
709554,EBAY,7
36703,EBAY,3
1973809,EBAY,13
2109691,EBAY,7
3449608,EBAY,13
1973816,EBAY,13
2109700,EBAY,20
1386286,EBAY,8
2051132,EBAY,1
1974895,EBAY,23
1479391,EBAY,20
2109771,EBAY,9
3469692,EBAY,3
2832157,EBAY,18
633437,EBAY,8
1937246,EBAY,16
1688387,EBAY,7
1973670,EBAY,17
2050031,EBAY,27
2109741,EBAY,9
1937254,EBAY,4
3376601,EBAY,8
2609350,EBAY,11
2051135,EBAY,4
2109769,EBAY,7
1969051,EBAY,7
1435455,EBAY,22
709315,EBAY,7
709877,EBAY,23
39052,EBAY,8
1479259,EBAY,12
60786,EBAY,3
1932086,EBAY,2
587077,EBAY,7
2043068,EBAY,2
1011619,EBAY,22
116189,EBAY,1
587090,EBAY,9
1437833,EBAY,30
69760,EBAY,1
1973927,EBAY,13
1479366,EBAY,17
624549,EBAY,22
60784,EBAY,22
1973909,EBAY,23
3051629,FACEBOOK,31
704206,FACEBOOK,26
811677,FACEBOOK,1
3282788,FACEBOOK,13
1507024,FACEBOOK,3
3159557,FACEBOOK,23
699003,FACEBOOK,17
3346695,FACEBOOK,16
2135130,FACEBOOK,9
2591617,FACEBOOK,3
188012,FACEBOOK,5
357413,FACEBOOK,16
400476,FACEBOOK,23
1509291,FACEBOOK,9
1462971,FACEBOOK,9
2309223,FACEBOOK,5
1557034,FACEBOOK,5
10942,FACEBOOK,3
810531,FACEBOOK,7
2883417,FACEBOOK,5
1480664,FACEBOOK,4
1159834,FACEBOOK,15
1008746,FACEBOOK,3
240380,FACEBOOK,9
3491988,FACEBOOK,16
949513,FACEBOOK,9
3292883,FACEBOOK,8
949516,FACEBOOK,9
2004619,FACEBOOK,7
2621141,FACEBOOK,1
2384050,FACEBOOK,5
2244120,FACEBOOK,17
482455,FACEBOOK,16
3438722,FACEBOOK,12
351941,FACEBOOK,16
799407,FACEBOOK,9
805484,FACEBOOK,12
2535340,FACEBOOK,9
3139125,FACEBOOK,1
853284,FACEBOOK,3
2833301,FACEBOOK,1
2978002,FACEBOOK,8
3345005,FACEBOOK,16
3349342,FACEBOOK,16
161489,FACEBOOK,3
1980297,FACEBOOK,4
1969221,FACEBOOK,7
2679089,FACEBOOK,9
2859325,FACEBOOK,3
3502040,FACEBOOK,16
2569353,FACEBOOK,5
2449069,FACEBOOK,3
1788663,FACEBOOK,8
2906004,FACEBOOK,8
1699237,FACEBOOK,9
1167839,FACEBOOK,5
2565578,FACEBOOK,5
2637733,FACEBOOK,17
829805,FACEBOOK,9
1880764,FACEBOOK,9
2246779,FACEBOOK,1
3433195,FACEBOOK,17
2652166,FACEBOOK,19
1572885,FACEBOOK,16
1357447,FACEBOOK,1
1718538,FACEBOOK,16
2893065,FACEBOOK,4
3433209,FACEBOOK,26
3157596,FACEBOOK,9
3243357,FACEBOOK,16
3492046,FACEBOOK,16
2662486,FACEBOOK,19
1966766,FACEBOOK,9
2682851,FACEBOOK,9
756305,FACEBOOK,16
1009668,FACEBOOK,6
1210690,FACEBOOK,12
629298,FACEBOOK,3
3125602,FACEBOOK,9
3428207,FACEBOOK,11
808717,FACEBOOK,17
3545211,FACEBOOK,9
2034657,FACEBOOK,16
1500067,FACEBOOK,9
1534082,FACEBOOK,3
2182828,FACEBOOK,16
1544228,FACEBOOK,3
829623,FACEBOOK,9
1348997,FACEBOOK,26
1736246,FACEBOOK,16
1240149,FACEBOOK,8
1434040,FACEBOOK,23
1018815,FACEBOOK,3
1403322,FACEBOOK,29
336213,FACEBOOK,3
875966,FACEBOOK,16
184057,FACEBOOK,3
1639042,FACEBOOK,9
366021,FACEBOOK,3
367805,FACEBOOK,3
3493709,GMAIL,4
1782087,GMAIL,23
3438233,GMAIL,14
1940611,GMAIL,21
2201093,GMAIL,5
2142329,GMAIL,7
2296900,GMAIL,1
2718924,GMAIL,11
2686541,GMAIL,1
3540988,GMAIL,1
564034,GMAIL,20
961270,GMAIL,13
1575752,GMAIL,6
498922,GMAIL,4
2256498,GMAIL,1
2696974,GMAIL,21
3389671,GMAIL,6
1013291,GMAIL,21
932161,GMAIL,1
3045849,GMAIL,1
2711356,GMAIL,5
1598675,GMAIL,2
1615247,GMAIL,1
2431500,GMAIL,4
2589792,GMAIL,4
1570995,GMAIL,6
1705135,GMAIL,18
1480740,GMAIL,19
3436220,GMAIL,1
3158802,GMAIL,7
3044078,GMAIL,21
1867982,GMAIL,14
3242977,GMAIL,5
1010688,GMAIL,1
1845135,GMAIL,23
2423891,GMAIL,1
508592,GMAIL,11
710288,GMAIL,19
879044,GMAIL,2
1751240,GMAIL,2
1088300,GMAIL,1
2366107,GMAIL,1
1974989,GMAIL,6
554592,GMAIL,7
1262616,GMAIL,6
2715821,GMAIL,21
1981597,GMAIL,1
2119412,GMAIL,6
1782493,GMAIL,3
3018107,GMAIL,32
984895,GMAIL,11
2130980,GMAIL,13
967593,GMAIL,32
1500789,GMAIL,12
66774,GMAIL,19
2142211,GMAIL,17
1434174,GMAIL,4
3485348,GMAIL,5
272466,GMAIL,1
187259,GMAIL,4
2584531,GMAIL,5
1260896,GMAIL,6
2730174,GMAIL,6
2598878,GMAIL,15
712272,GMAIL,23
866613,GMAIL,4
1927899,GMAIL,2
2323255,GMAIL,6
3274227,GMAIL,2
2105009,GMAIL,28
608120,GMAIL,21
1555388,GMAIL,4
1926221,GMAIL,2
2323429,GMAIL,5
177614,GMAIL,2
3051402,GMAIL,5
586866,GMAIL,13
1862913,GMAIL,2
2045715,GMAIL,2
3179853,GMAIL,4
606895,GMAIL,2
3140563,GMAIL,18
137742,GMAIL,1
2375993,GMAIL,1
72849,GMAIL,8
1246072,GMAIL,14
1428360,GMAIL,1
2268257,GMAIL,14
1863656,GMAIL,18
3246279,GMAIL,1
1140542,GMAIL,6
2698043,GMAIL,1
1458688,GMAIL,1
551464,GMAIL,21
745476,GMAIL,3
933396,GMAIL,6
2705198,GMAIL,3
2411481,GMAIL,16
2275642,GMAIL,20
3425392,GMAIL,13
738338,GOOGLE,2
2782598,GOOGLE,1
1005383,GOOGLE,5
2327548,GOOGLE,4
2458223,GOOGLE,15
1280212,GOOGLE,1
1794244,GOOGLE,15
1745363,GOOGLE,2
3426459,GOOGLE,1
1852409,GOOGLE,9
1789775,GOOGLE,2
476936,GOOGLE,2
596937,GOOGLE,5
754373,GOOGLE,21
737502,GOOGLE,5
2257110,GOOGLE,1
2245947,GOOGLE,1
1341783,GOOGLE,20
1937512,GOOGLE,3
2281705,GOOGLE,1
2671916,GOOGLE,14
687314,GOOGLE,6
317533,GOOGLE,5
983182,GOOGLE,1
2948847,GOOGLE,12
1930894,GOOGLE,21
1785272,GOOGLE,4
9402,GOOGLE,1
827362,GOOGLE,1
1696350,GOOGLE,7
2375053,GOOGLE,1
3425197,GOOGLE,1
2861421,GOOGLE,1
1712942,GOOGLE,21
3323669,GOOGLE,1
145675,GOOGLE,2
2078422,GOOGLE,21
275624,GOOGLE,18
2952664,GOOGLE,26
2162880,GOOGLE,1
356372,GOOGLE,3
1859982,GOOGLE,19
834350,GOOGLE,18
242755,GOOGLE,1
1042447,GOOGLE,25
1627189,GOOGLE,1
507104,GOOGLE,2
261698,GOOGLE,6
161327,GOOGLE,1
2574740,GOOGLE,2
2358086,GOOGLE,13
237570,GOOGLE,13
1162741,GOOGLE,4
601838,GOOGLE,4
2359454,GOOGLE,1
3044655,GOOGLE,1
2566406,GOOGLE,2
119077,GOOGLE,1
1669811,GOOGLE,1
260731,GOOGLE,14
3496396,GOOGLE,21
1393095,GOOGLE,1
2326895,GOOGLE,21
3501173,GOOGLE,4
628662,GOOGLE,2
825026,GOOGLE,1
811223,GOOGLE,1
1166036,GOOGLE,2
1876202,GOOGLE,7
2814712,GOOGLE,1
3369125,GOOGLE,21
1814447,GOOGLE,19
3423867,GOOGLE,1
320567,GOOGLE,2
2053391,GOOGLE,3
441570,GOOGLE,1
1803672,GOOGLE,18
2299871,GOOGLE,1
1395935,GOOGLE,2
819453,GOOGLE,20
399177,GOOGLE,1
839551,GOOGLE,1
1921972,GOOGLE,3
3328601,GOOGLE,11
2495246,GOOGLE,1
608130,GOOGLE,4
2867074,GOOGLE,5
3152646,GOOGLE,1
460651,GOOGLE,1
3425464,GOOGLE,20
587515,GOOGLE,20
682747,GOOGLE,20
586981,GOOGLE,1
476319,GOOGLE,5
2014671,GOOGLE,19
1738701,GOOGLE,4
3024234,GOOGLE,1
1248819,GOOGLE,1
554840,GOOGLE,18
1218567,GOOGLE,18
80008,HTTP,4
532287,HTTP,12
2585223,HTTP,6
1956486,HTTP,16
1061832,HTTP,1
1963955,HTTP,2
735634,HTTP,3
662318,HTTP,7
1956168,HTTP,13
3251829,HTTP,13
1656918,HTTP,18
220550,HTTP,1
3380385,HTTP,13
3469985,HTTP,5
2556477,HTTP,5
968832,HTTP,19
318349,HTTP,2
1314901,HTTP,1
59923,HTTP,16
636373,HTTP,16
1297840,HTTP,12
1445874,HTTP,13
2439255,HTTP,2
648116,HTTP,27
2263820,HTTP,17
516582,HTTP,13
611997,HTTP,5
731133,HTTP,3
907125,HTTP,13
194638,HTTP,15
1867230,HTTP,1
662831,HTTP,29
3508532,HTTP,1
3380825,HTTP,13
2160820,HTTP,14
669138,HTTP,29
3402836,HTTP,28
995870,HTTP,4
1555999,HTTP,3
1944345,HTTP,4
1369976,HTTP,20
165258,HTTP,1
1309820,HTTP,13
104683,HTTP,1
3572285,HTTP,1
530013,HTTP,29
2336869,HTTP,2
1187587,HTTP,28
1289569,HTTP,3
757260,HTTP,22
528587,HTTP,1
1032147,HTTP,5
3261095,HTTP,25
1415511,HTTP,3
658496,HTTP,13
1945825,HTTP,25
147346,HTTP,4
650384,HTTP,13
211136,HTTP,14
2181434,HTTP,11
3381873,HTTP,29
191018,HTTP,5
779429,HTTP,12
115986,HTTP,16
30510,HTTP,22
669371,HTTP,13
2761697,HTTP,3
3254956,HTTP,15
3262408,HTTP,3
1088092,HTTP,1
374525,HTTP,19
2452707,HTTP,3
1315214,HTTP,16
2754977,HTTP,6
2604175,HTTP,3
2237886,HTTP,29
1586319,HTTP,15
1533101,HTTP,5
2926191,HTTP,2
3472763,HTTP,30
1541726,HTTP,4
3113956,HTTP,13
1175936,HTTP,13
731265,HTTP,5
159491,HTTP,1
650221,HTTP,29
3407195,HTTP,1
2089342,HTTP,3
663786,HTTP,6
2882886,HTTP,3
2543715,HTTP,4
1412737,HTTP,25
1968405,HTTP,3
3265824,HTTP,6
202651,HTTP,1
1949567,HTTP,3
2237619,HTTP,13
373480,HTTP,16
26055,HTTP,27
30199,HTTP,8
957352,HTTP_CONNECT,7
1638307,HTTP_CONNECT,5
415829,HTTP_CONNECT,1
1683885,HTTP_CONNECT,17
3169302,HTTP_CONNECT,20
1090757,HTTP_CONNECT,18
2641252,HTTP_CONNECT,1
1094800,HTTP_CONNECT,1
3168458,HTTP_CONNECT,7
911764,HTTP_CONNECT,23
2114712,HTTP_CONNECT,1
444849,HTTP_CONNECT,8
2487538,HTTP_CONNECT,30
1977642,HTTP_CONNECT,7
240961,HTTP_CONNECT,23
704165,HTTP_CONNECT,20
394290,HTTP_CONNECT,9
1681120,HTTP_CONNECT,12
679068,HTTP_CONNECT,12
2821157,HTTP_CONNECT,1
3005573,HTTP_CONNECT,8
3318954,HTTP_CONNECT,19
3312372,HTTP_CONNECT,7
1998840,HTTP_CONNECT,22
3175137,HTTP_CONNECT,7
2790794,HTTP_CONNECT,7
94712,HTTP_CONNECT,1
3441564,HTTP_CONNECT,12
3312084,HTTP_CONNECT,13
2658571,HTTP_CONNECT,11
3016519,HTTP_CONNECT,17
17525,HTTP_CONNECT,6
1229757,HTTP_CONNECT,7
3047992,HTTP_CONNECT,3
807046,HTTP_CONNECT,20
423475,HTTP_CONNECT,4
2349338,HTTP_CONNECT,23
959259,HTTP_CONNECT,6
401385,HTTP_CONNECT,7
1697445,HTTP_CONNECT,3
540732,HTTP_CONNECT,18
241150,HTTP_CONNECT,9
1666721,HTTP_CONNECT,7
419527,HTTP_CONNECT,1
3433560,HTTP_CONNECT,19
1464132,HTTP_CONNECT,1
3140892,HTTP_CONNECT,20
3172019,HTTP_CONNECT,20
1241043,HTTP_CONNECT,7
3005511,HTTP_CONNECT,8
687438,HTTP_CONNECT,7
2014354,HTTP_CONNECT,1
2939630,HTTP_CONNECT,23
1655623,HTTP_CONNECT,23
567012,HTTP_CONNECT,1
3174244,HTTP_CONNECT,20
706182,HTTP_CONNECT,17
430499,HTTP_CONNECT,1
93089,HTTP_CONNECT,1
1506413,HTTP_CONNECT,7
440815,HTTP_CONNECT,16
2939107,HTTP_CONNECT,7
417990,HTTP_CONNECT,11
1668001,HTTP_CONNECT,8
3141794,HTTP_CONNECT,1
3179005,HTTP_CONNECT,20
1471483,HTTP_CONNECT,9
2129756,HTTP_CONNECT,17
418067,HTTP_CONNECT,3
955684,HTTP_CONNECT,4
1329109,HTTP_CONNECT,18
2479226,HTTP_CONNECT,7
1468334,HTTP_CONNECT,17
3151967,HTTP_CONNECT,6
403102,HTTP_CONNECT,13
3167680,HTTP_CONNECT,20
2795143,HTTP_CONNECT,32
816738,HTTP_CONNECT,26
99664,HTTP_CONNECT,11
1876714,HTTP_CONNECT,7
2282704,HTTP_CONNECT,12
3426001,HTTP_CONNECT,7
1195141,HTTP_CONNECT,7
2791055,HTTP_CONNECT,20
2381234,HTTP_CONNECT,23
1664888,HTTP_CONNECT,12
706372,HTTP_CONNECT,13
906340,HTTP_CONNECT,19
1083906,HTTP_CONNECT,16
543860,HTTP_CONNECT,2
1882833,HTTP_CONNECT,19
3154102,HTTP_CONNECT,20
800783,HTTP_CONNECT,1
3420648,HTTP_CONNECT,20
836328,HTTP_CONNECT,7
3539880,HTTP_CONNECT,1
235809,HTTP_CONNECT,17
1842790,HTTP_CONNECT,7
1875324,HTTP_CONNECT,13
1507319,HTTP_CONNECT,9
2690179,HTTP_PROXY,1
3153688,HTTP_PROXY,1
3441124,HTTP_PROXY,1
2142520,HTTP_PROXY,9
2810529,HTTP_PROXY,1
2086520,HTTP_PROXY,5
2636033,HTTP_PROXY,28
1698921,HTTP_PROXY,21
2629720,HTTP_PROXY,30
1354565,HTTP_PROXY,20
446234,HTTP_PROXY,1
2255854,HTTP_PROXY,7
924196,HTTP_PROXY,28
1054843,HTTP_PROXY,6
641336,HTTP_PROXY,14
2026134,HTTP_PROXY,21
254212,HTTP_PROXY,12
1699098,HTTP_PROXY,20
655520,HTTP_PROXY,1
3049280,HTTP_PROXY,19
67805,HTTP_PROXY,29
3140322,HTTP_PROXY,14
2674858,HTTP_PROXY,1
3254886,HTTP_PROXY,1
2759625,HTTP_PROXY,4
2334144,HTTP_PROXY,27
824511,HTTP_PROXY,14
826277,HTTP_PROXY,14
1810742,HTTP_PROXY,3
1518248,HTTP_PROXY,13
2267498,HTTP_PROXY,8
950223,HTTP_PROXY,14
1698506,HTTP_PROXY,9
2690312,HTTP_PROXY,19
3098946,HTTP_PROXY,17
2980248,HTTP_PROXY,12
1332562,HTTP_PROXY,29
3565605,HTTP_PROXY,14
3391931,HTTP_PROXY,14
2663527,HTTP_PROXY,14
436810,HTTP_PROXY,1
1852629,HTTP_PROXY,1
536164,HTTP_PROXY,9
1091156,HTTP_PROXY,1
2952931,HTTP_PROXY,7
2935300,HTTP_PROXY,9
3411903,HTTP_PROXY,19
3565419,HTTP_PROXY,6
111115,HTTP_PROXY,27
805614,HTTP_PROXY,12
3273596,HTTP_PROXY,9
2024955,HTTP_PROXY,14
3554365,HTTP_PROXY,17
2152069,HTTP_PROXY,17
673042,HTTP_PROXY,2
2152726,HTTP_PROXY,20
973586,HTTP_PROXY,9
3419866,HTTP_PROXY,17
3422169,HTTP_PROXY,18
2662028,HTTP_PROXY,14
1315486,HTTP_PROXY,21
1613503,HTTP_PROXY,19
1874403,HTTP_PROXY,23
2282729,HTTP_PROXY,12
2344815,HTTP_PROXY,23
2702193,HTTP_PROXY,14
3302351,HTTP_PROXY,1
3537310,HTTP_PROXY,23
1610098,HTTP_PROXY,28
1998174,HTTP_PROXY,18
703204,HTTP_PROXY,11
591607,HTTP_PROXY,33
2286203,HTTP_PROXY,1
2936568,HTTP_PROXY,6
2024759,HTTP_PROXY,1
3572565,HTTP_PROXY,20
2371413,HTTP_PROXY,6
2081500,HTTP_PROXY,29
1334465,HTTP_PROXY,6
1048591,HTTP_PROXY,14
1494605,HTTP_PROXY,20
920510,HTTP_PROXY,14
931981,HTTP_PROXY,26
282517,HTTP_PROXY,13
3138511,HTTP_PROXY,1
915752,HTTP_PROXY,1
3251217,HTTP_PROXY,7
1354349,HTTP_PROXY,1
2700790,HTTP_PROXY,14
1984201,HTTP_PROXY,7
1829544,HTTP_PROXY,7
2011769,HTTP_PROXY,18
1080461,HTTP_PROXY,1
2362585,HTTP_PROXY,1
1364598,HTTP_PROXY,13
282348,HTTP_PROXY,9
2470558,HTTP_PROXY,1
2971855,HTTP_PROXY,1
2355162,HTTP_PROXY,20
679577,HTTP_PROXY,14
2893106,INSTAGRAM,11
945176,INSTAGRAM,23
3555014,INSTAGRAM,13
858189,INSTAGRAM,14
93600,INSTAGRAM,8
196643,INSTAGRAM,2
3536229,INSTAGRAM,23
977684,INSTAGRAM,1
3496839,INSTAGRAM,1
2918448,INSTAGRAM,16
1111756,INSTAGRAM,8
3436649,INSTAGRAM,11
3377220,INSTAGRAM,1
863501,INSTAGRAM,5
977674,INSTAGRAM,1
3454366,INSTAGRAM,11
3436665,INSTAGRAM,11
865994,INSTAGRAM,30
944468,INSTAGRAM,8
1721283,INSTAGRAM,2
2534921,INSTAGRAM,7
3495561,INSTAGRAM,6
1007404,INSTAGRAM,5
1006810,INSTAGRAM,5
1006747,INSTAGRAM,5
863586,INSTAGRAM,5
1007283,INSTAGRAM,5
945225,INSTAGRAM,23
1006682,INSTAGRAM,5
944464,INSTAGRAM,8
235843,INSTAGRAM,7
1680205,INSTAGRAM,13
1287379,INSTAGRAM,1
863583,INSTAGRAM,5
3436645,INSTAGRAM,11
1007407,INSTAGRAM,5
1734653,INSTAGRAM,1
3454498,INSTAGRAM,6
1009403,INSTAGRAM,5
1386458,INSTAGRAM,1
944718,INSTAGRAM,15
3345026,INSTAGRAM,15
1006914,INSTAGRAM,5
3537259,INSTAGRAM,13
886699,INSTAGRAM,22
1007492,INSTAGRAM,5
3349340,INSTAGRAM,11
2722721,INSTAGRAM,14
3438774,INSTAGRAM,12
858828,INSTAGRAM,14
1978472,INSTAGRAM,13
1756029,INSTAGRAM,5
1006966,INSTAGRAM,5
236338,INSTAGRAM,12
3448338,INSTAGRAM,13
2371306,INSTAGRAM,27
1011323,INSTAGRAM,1
1545599,INSTAGRAM,14
235342,INSTAGRAM,7
3345594,INSTAGRAM,11
1725986,INSTAGRAM,5
886680,INSTAGRAM,22
863927,INSTAGRAM,2
746576,INSTAGRAM,22
2121195,INSTAGRAM,23
1006694,INSTAGRAM,29
1007646,INSTAGRAM,5
1007562,INSTAGRAM,29
1901530,INSTAGRAM,11
1478069,INSTAGRAM,28
3346562,INSTAGRAM,11
1006748,INSTAGRAM,5
196959,INSTAGRAM,1
2855047,INSTAGRAM,16
3476734,INSTAGRAM,14
1831945,INSTAGRAM,9
1006921,INSTAGRAM,3
1006599,INSTAGRAM,3
3495321,INSTAGRAM,2
3537273,INSTAGRAM,13
3448318,INSTAGRAM,13
196583,INSTAGRAM,2
853498,INSTAGRAM,1
889589,INSTAGRAM,1
193564,INSTAGRAM,30
1259966,INSTAGRAM,5
1006834,INSTAGRAM,5
944466,INSTAGRAM,8
855683,INSTAGRAM,22
3438766,INSTAGRAM,1
1388469,INSTAGRAM,1
1006740,INSTAGRAM,5
2170325,INSTAGRAM,16
3485147,INSTAGRAM,21
2371305,INSTAGRAM,6
1680201,INSTAGRAM,13
1477951,INSTAGRAM,1
1009184,INSTAGRAM,5
1876918,INSTAGRAM,13
1004915,INSTAGRAM,21
3038263,IP_ICMP,10
595099,IP_ICMP,10
1521417,IP_ICMP,10
989748,IP_ICMP,10
3337509,IP_ICMP,10
1384817,IP_ICMP,10
2704390,IP_ICMP,10
2023211,IP_ICMP,10
2844209,IP_ICMP,10
293726,IP_ICMP,10
1119653,IP_ICMP,10
2704366,IP_ICMP,10
844220,IP_ICMP,10
2556245,IP_ICMP,10
2849523,IP_ICMP,10
3462919,IP_ICMP,10
1257673,IP_ICMP,10
293727,IP_ICMP,10
2696898,IP_ICMP,34
112861,IP_ICMP,34
2158000,IP_ICMP,10
2158023,IP_ICMP,10
3337514,IP_ICMP,10
462212,IP_ICMP,10
2291040,IP_ICMP,10
3038277,IP_ICMP,10
3050956,IP_ICMP,10
1250538,IP_ICMP,10
2027599,IP_ICMP,10
852615,IP_ICMP,10
3192732,IP_ICMP,10
2704391,IP_ICMP,10
2548915,IP_ICMP,10
3337503,IP_ICMP,10
852619,IP_ICMP,10
2399866,IP_ICMP,10
1521427,IP_ICMP,10
120701,IP_ICMP,10
1124702,IP_ICMP,10
1374075,IP_ICMP,10
2300128,IP_ICMP,10
852636,IP_ICMP,10
462195,IP_ICMP,10
2392029,IP_ICMP,10
722389,IP_ICMP,10
2300121,IP_ICMP,10
2844211,IP_ICMP,10
3462923,IP_ICMP,10
3337513,IP_ICMP,10
1257714,IP_ICMP,10
1384824,IP_ICMP,10
1250549,IP_ICMP,10
3569913,IP_ICMP,10
2704395,IP_ICMP,10
2166696,IP_ICMP,34
308306,IP_ICMP,10
3469286,IP_ICMP,10
722405,IP_ICMP,10
1384823,IP_ICMP,10
594235,IP_ICMP,10
461998,IP_ICMP,25
129588,IP_ICMP,10
1250547,IP_ICMP,10
3038247,IP_ICMP,10
3569904,IP_ICMP,10
1521451,IP_ICMP,34
308385,IP_ICMP,10
71673,IP_ICMP,10
127310,IP_ICMP,10
462205,IP_ICMP,10
2300111,IP_ICMP,10
2399899,IP_ICMP,10
3569924,IP_ICMP,10
308399,IP_ICMP,10
3462915,IP_ICMP,10
1714206,IP_ICMP,10
3199265,IP_ICMP,10
1119656,IP_ICMP,10
3569928,IP_ICMP,10
1384834,IP_ICMP,10
844210,IP_ICMP,10
1521547,IP_ICMP,10
2849526,IP_ICMP,10
127096,IP_ICMP,10
1124686,IP_ICMP,10
2027584,IP_ICMP,10
308369,IP_ICMP,10
2844207,IP_ICMP,10
1714288,IP_ICMP,10
1895676,IP_ICMP,10
1124654,IP_ICMP,10
1895636,IP_ICMP,10
1119654,IP_ICMP,10
3327441,IP_ICMP,10
984721,IP_ICMP,10
595071,IP_ICMP,34
3469279,IP_ICMP,10
2399840,IP_ICMP,10
130038,IP_ICMP,10
120410,IP_ICMP,10
1536238,MICROSOFT,2
1417172,MICROSOFT,6
2896742,MICROSOFT,4
3475720,MICROSOFT,8
2533486,MICROSOFT,13
2033674,MICROSOFT,2
2704989,MICROSOFT,2
2274049,MICROSOFT,20
293678,MICROSOFT,15
2369749,MICROSOFT,13
2480253,MICROSOFT,19
1407851,MICROSOFT,2
876474,MICROSOFT,16
727193,MICROSOFT,2
1269475,MICROSOFT,19
2863417,MICROSOFT,21
2921096,MICROSOFT,5
2304165,MICROSOFT,5
897507,MICROSOFT,2
438829,MICROSOFT,12
2167974,MICROSOFT,5
2946573,MICROSOFT,12
326255,MICROSOFT,2
886408,MICROSOFT,12
1812407,MICROSOFT,7
409360,MICROSOFT,12
535952,MICROSOFT,1
1346622,MICROSOFT,1
2897479,MICROSOFT,4
505174,MICROSOFT,2
2811683,MICROSOFT,13
275052,MICROSOFT,5
2268240,MICROSOFT,12
2318717,MICROSOFT,5
1129375,MICROSOFT,30
30931,MICROSOFT,13
3209492,MICROSOFT,35
478785,MICROSOFT,3
438943,MICROSOFT,7
1619043,MICROSOFT,7
1731584,MICROSOFT,4
2122479,MICROSOFT,7
3530932,MICROSOFT,7
751090,MICROSOFT,22
254254,MICROSOFT,12
434243,MICROSOFT,7
1732431,MICROSOFT,2
402243,MICROSOFT,17
2408002,MICROSOFT,8
1588979,MICROSOFT,11
1129013,MICROSOFT,4
1125556,MICROSOFT,3
3450088,MICROSOFT,7
131216,MICROSOFT,2
2830112,MICROSOFT,12
434732,MICROSOFT,7
1005270,MICROSOFT,2
328678,MICROSOFT,2
597201,MICROSOFT,8
2732663,MICROSOFT,1
561717,MICROSOFT,18
152280,MICROSOFT,11
538419,MICROSOFT,6
2860445,MICROSOFT,3
552682,MICROSOFT,13
503518,MICROSOFT,2
434819,MICROSOFT,23
3076618,MICROSOFT,2
1549022,MICROSOFT,8
407472,MICROSOFT,12
158109,MICROSOFT,2
1491961,MICROSOFT,7
348422,MICROSOFT,12
1977240,MICROSOFT,26
3482863,MICROSOFT,4
1235927,MICROSOFT,35
3028854,MICROSOFT,7
1578392,MICROSOFT,8
1924948,MICROSOFT,4
1792088,MICROSOFT,3
1414352,MICROSOFT,4
427181,MICROSOFT,13
809749,MICROSOFT,1
1809569,MICROSOFT,1
1810672,MICROSOFT,5
368357,MICROSOFT,15
573351,MICROSOFT,26
3486941,MICROSOFT,5
333649,MICROSOFT,1
3217478,MICROSOFT,5
1435502,MICROSOFT,4
328106,MICROSOFT,2
747752,MICROSOFT,8
616064,MICROSOFT,2
2830267,MICROSOFT,7
990423,MICROSOFT,8
55450,MICROSOFT,7
2014823,MICROSOFT,13
3338005,MICROSOFT,8
925913,MICROSOFT,19
1797828,MSN,19
2605611,MSN,4
2121255,MSN,13
926785,MSN,12
813353,MSN,1
2893818,MSN,3
809274,MSN,1
3090727,MSN,4
1437258,MSN,1
2785266,MSN,1
693067,MSN,12
156420,MSN,5
3222601,MSN,11
467449,MSN,4
3498870,MSN,11
1404827,MSN,2
2801704,MSN,18
1587374,MSN,2
183725,MSN,3
357951,MSN,2
2071210,MSN,2
2403988,MSN,8
1522599,MSN,3
2407983,MSN,8
1700765,MSN,1
3350936,MSN,11
1912184,MSN,2
3051455,MSN,8
2603917,MSN,2
2219544,MSN,12
2535345,MSN,23
1356810,MSN,7
1564667,MSN,5
1021144,MSN,2
2148515,MSN,19
1436557,MSN,15
2375001,MSN,23
2075106,MSN,4
1508654,MSN,9
1757619,MSN,2
3071424,MSN,11
3089321,MSN,4
462704,MSN,2
3146688,MSN,6
2985654,MSN,1
479757,MSN,4
2033641,MSN,2
1589036,MSN,1
1636513,MSN,7
1590389,MSN,22
828078,MSN,18
3233814,MSN,4
3482564,MSN,11
601575,MSN,4
3025885,MSN,13
1133081,MSN,2
2071402,MSN,4
1101232,MSN,19
3477398,MSN,8
2605066,MSN,3
1618549,MSN,1
1595430,MSN,8
1484474,MSN,18
1289607,MSN,22
1070980,MSN,7
1779022,MSN,1
2878516,MSN,5
1679902,MSN,28
42756,MSN,8
1636281,MSN,7
3522656,MSN,1
1904718,MSN,5
101395,MSN,4
2664856,MSN,13
1526916,MSN,5
2664095,MSN,1
565144,MSN,23
966294,MSN,7
151967,MSN,4
626770,MSN,15
1782312,MSN,8
57246,MSN,1
3350741,MSN,3
3481580,MSN,3
310555,MSN,4
1495847,MSN,23
3480600,MSN,2
1218735,MSN,9
1101190,MSN,1
1137556,MSN,8
1651681,MSN,12
1360612,MSN,35
1555991,MSN,2
2332497,MSN,15
1724874,MSN,5
961349,MSN,12
491693,MSN,4
1936346,MSN,8
3346517,MSN,22
2719141,MSN,5
1763083,MS_ONE_DRIVE,3
193538,MS_ONE_DRIVE,2
752649,MS_ONE_DRIVE,15
3453701,MS_ONE_DRIVE,13
1572693,MS_ONE_DRIVE,3
3362744,MS_ONE_DRIVE,5
498136,MS_ONE_DRIVE,3
1809565,MS_ONE_DRIVE,1
3092337,MS_ONE_DRIVE,4
1157849,MS_ONE_DRIVE,16
2910135,MS_ONE_DRIVE,4
3363277,MS_ONE_DRIVE,5
3201905,MS_ONE_DRIVE,3
2104259,MS_ONE_DRIVE,1
3088668,MS_ONE_DRIVE,21
3453681,MS_ONE_DRIVE,7
1907786,MS_ONE_DRIVE,4
1037439,MS_ONE_DRIVE,3
2858090,MS_ONE_DRIVE,3
1419388,MS_ONE_DRIVE,2
3364568,MS_ONE_DRIVE,4
892663,MS_ONE_DRIVE,5
2073336,MS_ONE_DRIVE,6
333933,MS_ONE_DRIVE,5
1013926,MS_ONE_DRIVE,1
500035,MS_ONE_DRIVE,1
595936,MS_ONE_DRIVE,2
1416948,MS_ONE_DRIVE,8
2300586,MS_ONE_DRIVE,8
173080,MS_ONE_DRIVE,22
3078983,MS_ONE_DRIVE,5
1809567,MS_ONE_DRIVE,1
1729587,MS_ONE_DRIVE,16
10604,MS_ONE_DRIVE,8
331763,MS_ONE_DRIVE,5
3088775,MS_ONE_DRIVE,5
357504,MS_ONE_DRIVE,4
3362769,MS_ONE_DRIVE,5
3213859,MS_ONE_DRIVE,5
2438930,MS_ONE_DRIVE,1
230604,MS_ONE_DRIVE,14
230440,MS_ONE_DRIVE,12
3151000,MS_ONE_DRIVE,20
1399301,MS_ONE_DRIVE,15
2922085,MS_ONE_DRIVE,27
3302092,MS_ONE_DRIVE,1
1405649,MS_ONE_DRIVE,3
189497,MS_ONE_DRIVE,3
15791,MS_ONE_DRIVE,2
456364,MS_ONE_DRIVE,7
897277,MS_ONE_DRIVE,22
1285242,MS_ONE_DRIVE,1
713091,MS_ONE_DRIVE,9
1743876,MS_ONE_DRIVE,5
71390,MS_ONE_DRIVE,4
2197840,MS_ONE_DRIVE,11
449670,MS_ONE_DRIVE,28
2904238,MS_ONE_DRIVE,4
841541,MS_ONE_DRIVE,15
160998,MS_ONE_DRIVE,2
2154258,MS_ONE_DRIVE,1
2591644,MS_ONE_DRIVE,1
467493,MS_ONE_DRIVE,4
606469,MS_ONE_DRIVE,8
1522744,MS_ONE_DRIVE,6
35105,MS_ONE_DRIVE,15
2173894,MS_ONE_DRIVE,8
308957,MS_ONE_DRIVE,16
2566389,MS_ONE_DRIVE,3
349943,MS_ONE_DRIVE,8
1732613,MS_ONE_DRIVE,11
2910134,MS_ONE_DRIVE,8
1409172,MS_ONE_DRIVE,15
1599173,MS_ONE_DRIVE,15
1426176,MS_ONE_DRIVE,8
498111,MS_ONE_DRIVE,3
2196488,MS_ONE_DRIVE,3
335328,MS_ONE_DRIVE,16
3202301,MS_ONE_DRIVE,8
610252,MS_ONE_DRIVE,3
3200411,MS_ONE_DRIVE,11
3453717,MS_ONE_DRIVE,13
500009,MS_ONE_DRIVE,1
2321498,MS_ONE_DRIVE,8
864029,MS_ONE_DRIVE,2
1756498,MS_ONE_DRIVE,3
3362942,MS_ONE_DRIVE,4
367835,MS_ONE_DRIVE,3
2942977,MS_ONE_DRIVE,4
320054,MS_ONE_DRIVE,2
1557829,MS_ONE_DRIVE,8
1565614,MS_ONE_DRIVE,1
3051610,MS_ONE_DRIVE,5
2899355,MS_ONE_DRIVE,3
878714,MS_ONE_DRIVE,5
1115783,MS_ONE_DRIVE,1
596958,MS_ONE_DRIVE,16
2437120,MS_ONE_DRIVE,4
2050350,MS_ONE_DRIVE,11
145312,MS_ONE_DRIVE,4
2372820,NETFLIX,8
1652202,NETFLIX,9
885325,NETFLIX,2
879483,NETFLIX,1
1153931,NETFLIX,2
1429489,NETFLIX,2
2252299,NETFLIX,13
1281624,NETFLIX,6
2911925,NETFLIX,5
697183,NETFLIX,7
3286674,NETFLIX,31
940931,NETFLIX,12
1556596,NETFLIX,2
990309,NETFLIX,2
3421209,NETFLIX,35
3333615,NETFLIX,1
3228719,NETFLIX,5
2361185,NETFLIX,30
365987,NETFLIX,3
697179,NETFLIX,9
1156697,NETFLIX,15
3235228,NETFLIX,15
1573977,NETFLIX,15
1156983,NETFLIX,15
2208626,NETFLIX,16
3228720,NETFLIX,4
3228735,NETFLIX,4
487641,NETFLIX,8
3132724,NETFLIX,18
2304194,NETFLIX,5
332792,NETFLIX,2
1631008,NETFLIX,12
887343,NETFLIX,22
940905,NETFLIX,7
330324,NETFLIX,1
1573731,NETFLIX,5
428408,NETFLIX,1
2279133,NETFLIX,9
1584167,NETFLIX,12
2400576,NETFLIX,2
1500288,NETFLIX,13
1126884,NETFLIX,3
405667,NETFLIX,7
1223494,NETFLIX,8
2304197,NETFLIX,2
940774,NETFLIX,17
406036,NETFLIX,20
1429744,NETFLIX,4
1499293,NETFLIX,9
1281774,NETFLIX,2
1280588,NETFLIX,6
2362143,NETFLIX,17
186378,NETFLIX,22
194470,NETFLIX,15
1156900,NETFLIX,15
483742,NETFLIX,21
1284672,NETFLIX,6
980578,NETFLIX,14
1827402,NETFLIX,19
681367,NETFLIX,20
1636377,NETFLIX,9
234529,NETFLIX,17
3033217,NETFLIX,13
704613,NETFLIX,1
3033219,NETFLIX,13
1540009,NETFLIX,2
1147089,NETFLIX,5
879447,NETFLIX,11
887270,NETFLIX,4
3132613,NETFLIX,20
486843,NETFLIX,4
486279,NETFLIX,2
2362125,NETFLIX,7
192429,NETFLIX,1
3286680,NETFLIX,32
2911644,NETFLIX,4
1285324,NETFLIX,31
187990,NETFLIX,4
3033251,NETFLIX,13
887950,NETFLIX,15
2252266,NETFLIX,19
2339321,NETFLIX,12
879484,NETFLIX,11
1636413,NETFLIX,7
3132616,NETFLIX,20
486824,NETFLIX,12
346552,NETFLIX,15
2321551,NETFLIX,4
3033244,NETFLIX,19
431292,NETFLIX,8
887265,NETFLIX,2
1429178,NETFLIX,2
1556595,NETFLIX,2
188667,NETFLIX,2
482880,NETFLIX,2
406039,NETFLIX,20
2195548,NETFLIX,4
1556601,NETFLIX,2
1658259,NETFLIX,9
3065603,NETFLIX,2
3276204,OFFICE_365,4
243763,OFFICE_365,9
3493626,OFFICE_365,8
3142170,OFFICE_365,26
3311630,OFFICE_365,9
3212963,OFFICE_365,6
716465,OFFICE_365,26
2103076,OFFICE_365,9
1703612,OFFICE_365,9
2017664,OFFICE_365,7
2534363,OFFICE_365,9
3276179,OFFICE_365,4
541835,OFFICE_365,9
3362468,OFFICE_365,16
1004881,OFFICE_365,1
1005982,OFFICE_365,3
3349402,OFFICE_365,25
949741,OFFICE_365,9
3275703,OFFICE_365,14
3276159,OFFICE_365,4
1339561,OFFICE_365,9
2241906,OFFICE_365,9
471422,OFFICE_365,8
1364763,OFFICE_365,23
2917689,OFFICE_365,5
2665015,OFFICE_365,9
3276134,OFFICE_365,11
356895,OFFICE_365,27
274550,OFFICE_365,9
2010827,OFFICE_365,23
926841,OFFICE_365,13
799870,OFFICE_365,15
394831,OFFICE_365,4
3275801,OFFICE_365,14
3276081,OFFICE_365,11
1069305,OFFICE_365,9
2242993,OFFICE_365,14
3211947,OFFICE_365,6
2990788,OFFICE_365,9
806073,OFFICE_365,7
3275610,OFFICE_365,25
586694,OFFICE_365,26
899557,OFFICE_365,15
884578,OFFICE_365,22
451087,OFFICE_365,9
365663,OFFICE_365,8
3524694,OFFICE_365,11
3412476,OFFICE_365,14
1339560,OFFICE_365,9
3360292,OFFICE_365,25
2518899,OFFICE_365,9
1259381,OFFICE_365,31
3275719,OFFICE_365,16
534676,OFFICE_365,9
2039613,OFFICE_365,1
1815994,OFFICE_365,12
3216180,OFFICE_365,4
3275733,OFFICE_365,14
1227144,OFFICE_365,9
674582,OFFICE_365,13
2661818,OFFICE_365,7
2991619,OFFICE_365,9
3214876,OFFICE_365,1
3524671,OFFICE_365,6
3212612,OFFICE_365,4
2139935,OFFICE_365,26
233851,OFFICE_365,7
933587,OFFICE_365,16
546701,OFFICE_365,9
3212595,OFFICE_365,1
3481890,OFFICE_365,16
3371989,OFFICE_365,16
394912,OFFICE_365,1
1125489,OFFICE_365,5
699507,OFFICE_365,9
1328041,OFFICE_365,11
3412388,OFFICE_365,14
534684,OFFICE_365,9
3412437,OFFICE_365,1
1220493,OFFICE_365,9
730668,OFFICE_365,1
1227141,OFFICE_365,13
1220153,OFFICE_365,9
562796,OFFICE_365,9
935789,OFFICE_365,9
3412611,OFFICE_365,6
328421,OFFICE_365,25
3412458,OFFICE_365,20
445518,OFFICE_365,9
3276076,OFFICE_365,4
3275711,OFFICE_365,1
3281811,OFFICE_365,12
394892,OFFICE_365,1
2403594,OFFICE_365,8
320101,OFFICE_365,2
3412830,OFFICE_365,1
823750,OFFICE_365,26
394820,OFFICE_365,16
1733434,OFFICE_365,15
334983,OFFICE_365,2
37713,REST_APP,5
1212459,REST_APP,3
1133689,REST_APP,2
562667,REST_APP,1
2304295,REST_APP,2
1201312,REST_APP,5
1518433,REST_APP,23
3392616,REST_APP,1
3216111,REST_APP,5
2552983,REST_APP,1
2305057,REST_APP,8
3329138,REST_APP,1
2944204,REST_APP,18
1535132,REST_APP,5
3046588,REST_APP,21
1114632,REST_APP,14
229362,REST_APP,25
2756407,REST_APP,23
1742077,REST_APP,2
2739314,REST_APP,15
1913088,REST_APP,2
1427477,REST_APP,1
3233080,REST_APP,1
727112,REST_APP,1
726248,REST_APP,4
304376,REST_APP,2
195397,REST_APP,31
542181,REST_APP,14
1517654,REST_APP,7
2939981,REST_APP,23
2615,REST_APP,1
2385462,REST_APP,14
1496246,REST_APP,12
2741875,REST_APP,21
1126022,REST_APP,16
748697,REST_APP,4
3234385,REST_APP,15
2255667,REST_APP,1
20869,REST_APP,2
2116420,REST_APP,20
616979,REST_APP,2
480952,REST_APP,1
3346494,REST_APP,5
1743001,REST_APP,2
185232,REST_APP,25
2304582,REST_APP,2
351090,REST_APP,2
153291,REST_APP,15
1136442,REST_APP,2
2598295,REST_APP,1
1927400,REST_APP,8
2599811,REST_APP,4
1266681,REST_APP,2
2733051,REST_APP,11
2353867,REST_APP,1
2404697,REST_APP,2
2589191,REST_APP,6
229886,REST_APP,4
716806,REST_APP,1
2198433,REST_APP,7
2912169,REST_APP,5
2806278,REST_APP,1
1389513,REST_APP,30
319895,REST_APP,8
2784707,REST_APP,14
1273120,REST_APP,16
322276,REST_APP,21
931237,REST_APP,15
3222121,REST_APP,5
482532,REST_APP,1
2458355,REST_APP,1
1767052,REST_APP,11
1704198,REST_APP,1
1978620,REST_APP,1
1382482,REST_APP,14
1024608,REST_APP,2
844714,REST_APP,8
2125215,REST_APP,26
963289,REST_APP,18
3552826,REST_APP,20
1126029,REST_APP,8
1133351,REST_APP,3
285699,REST_APP,1
1375681,REST_APP,1
1138484,REST_APP,30
2867231,REST_APP,2
2181787,REST_APP,3
2867685,REST_APP,2
194958,REST_APP,2
2168930,REST_APP,1
365235,REST_APP,22
1157299,REST_APP,16
2686327,REST_APP,13
1420888,REST_APP,1
2116367,REST_APP,20
2478447,REST_APP,14
879707,REST_APP,2
2444437,REST_APP,5
1567443,REST_APP,3
2469572,REST_APP,1
2380226,SKYPE,1
1250166,SKYPE,1
1038285,SKYPE,30
2454322,SKYPE,5
1087722,SKYPE,14
3487374,SKYPE,21
2241078,SKYPE,1
1967265,SKYPE,31
870626,SKYPE,2
3180226,SKYPE,20
3298291,SKYPE,9
1066082,SKYPE,1
1163491,SKYPE,12
2795637,SKYPE,7
1133840,SKYPE,14
2266289,SKYPE,3
2845189,SKYPE,1
3108910,SKYPE,29
1785353,SKYPE,17
60222,SKYPE,2
1668136,SKYPE,18
3478467,SKYPE,2
2717178,SKYPE,5
1034776,SKYPE,5
2705170,SKYPE,11
2331454,SKYPE,5
1105095,SKYPE,9
2370315,SKYPE,12
1700886,SKYPE,23
720062,SKYPE,6
1346508,SKYPE,1
2281576,SKYPE,1
1941233,SKYPE,21
2207308,SKYPE,5
713831,SKYPE,1
2352318,SKYPE,32
1544451,SKYPE,5
315095,SKYPE,6
2308729,SKYPE,5
1293301,SKYPE,12
1860880,SKYPE,19
1881485,SKYPE,17
1112718,SKYPE,23
3234658,SKYPE,5
2291284,SKYPE,1
3439924,SKYPE,1
1260619,SKYPE,2
501899,SKYPE,5
880487,SKYPE,21
153786,SKYPE,1
944037,SKYPE,1
291701,SKYPE,3
2795665,SKYPE,13
1386112,SKYPE,5
751337,SKYPE,8
3241361,SKYPE,11
3207668,SKYPE,16
261343,SKYPE,28
826187,SKYPE,32
1672029,SKYPE,1
2744680,SKYPE,35
3283824,SKYPE,1
448469,SKYPE,5
3206439,SKYPE,16
731773,SKYPE,2
755045,SKYPE,28
2415261,SKYPE,16
895307,SKYPE,1
3094935,SKYPE,8
3371151,SKYPE,4
1886132,SKYPE,1
1169474,SKYPE,6
3216254,SKYPE,1
240319,SKYPE,13
174918,SKYPE,7
1391875,SKYPE,2
2023572,SKYPE,21
1699087,SKYPE,1
2989296,SKYPE,32
2566327,SKYPE,1
2185116,SKYPE,11
3466082,SKYPE,21
1906815,SKYPE,6
1643992,SKYPE,7
3212224,SKYPE,5
2055756,SKYPE,35
2171198,SKYPE,11
3360430,SKYPE,4
3470754,SKYPE,2
1794015,SKYPE,1
2537504,SKYPE,23
2572617,SKYPE,6
2355940,SKYPE,23
3441646,SKYPE,12
939312,SKYPE,13
964549,SKYPE,23
1722913,SKYPE,9
2716327,SKYPE,11
2825863,SKYPE,1
2170108,SKYPE,1
2188190,SPOTIFY,8
1867100,SPOTIFY,18
1076814,SPOTIFY,20
810209,SPOTIFY,20
2888250,SPOTIFY,11
1641680,SPOTIFY,19
1749022,SPOTIFY,1
1726893,SPOTIFY,5
3546373,SPOTIFY,6
1547208,SPOTIFY,3
2321921,SPOTIFY,4
1616655,SPOTIFY,13
2747619,SPOTIFY,3
1686409,SPOTIFY,26
1556730,SPOTIFY,5
873149,SPOTIFY,2
1559515,SPOTIFY,2
1686428,SPOTIFY,26
1733641,SPOTIFY,5
1686343,SPOTIFY,17
1867099,SPOTIFY,18
2743590,SPOTIFY,4
1686384,SPOTIFY,18
1738612,SPOTIFY,4
1131793,SPOTIFY,4
1641332,SPOTIFY,17
1686212,SPOTIFY,18
2969110,SPOTIFY,19
2360244,SPOTIFY,32
1867105,SPOTIFY,7
2652451,SPOTIFY,20
1867102,SPOTIFY,1
3484245,SPOTIFY,3
869082,SPOTIFY,5
1568420,SPOTIFY,1
2799999,SPOTIFY,17
1125334,SPOTIFY,3
1336097,SPOTIFY,20
2268014,SPOTIFY,20
2709072,SPOTIFY,1
2969114,SPOTIFY,19
1552009,SPOTIFY,3
1641419,SPOTIFY,19
2748214,SPOTIFY,4
938095,SPOTIFY,18
147717,SPOTIFY,15
683918,SPOTIFY,21
1563499,SPOTIFY,2
1411977,SPOTIFY,2
3546330,SPOTIFY,17
1756508,SPOTIFY,5
1751416,SPOTIFY,3
1779970,SPOTIFY,4
1727993,SPOTIFY,1
2748212,SPOTIFY,3
3546269,SPOTIFY,7
1686410,SPOTIFY,26
1559816,SPOTIFY,8
2443386,SPOTIFY,4
1686261,SPOTIFY,19
2360239,SPOTIFY,26
1473256,SPOTIFY,1
1641440,SPOTIFY,18
1411976,SPOTIFY,2
1616633,SPOTIFY,7
2443381,SPOTIFY,5
937998,SPOTIFY,26
1208604,SPOTIFY,19
2267879,SPOTIFY,20
1747012,SPOTIFY,1
2440593,SPOTIFY,5
2440601,SPOTIFY,4
3482151,SPOTIFY,3
1736532,SPOTIFY,5
1866967,SPOTIFY,17
1616654,SPOTIFY,17
2267878,SPOTIFY,20
1867071,SPOTIFY,17
616016,SPOTIFY,16
2498282,SPOTIFY,13
2443382,SPOTIFY,16
615822,SPOTIFY,23
2446280,SPOTIFY,15
732040,SPOTIFY,5
730168,SPOTIFY,5
1561597,SPOTIFY,2
1208712,SPOTIFY,7
869782,SPOTIFY,3
2360345,SPOTIFY,1
1561592,SPOTIFY,2
937997,SPOTIFY,26
1567065,SPOTIFY,1
3484367,SPOTIFY,6
1779966,SPOTIFY,3
810276,SPOTIFY,19
2747625,SPOTIFY,4
2188200,SPOTIFY,8
1686312,SPOTIFY,18
1412519,SPOTIFY,5
1641416,SPOTIFY,26
2028877,SSL,3
1069072,SSL,21
624599,SSL,5
3222604,SSL,6
3231687,SSL,5
198129,SSL,18
3478650,SSL,2
3216811,SSL,6
991270,SSL,3
1726003,SSL,5
129080,SSL,30
160059,SSL,2
2191546,SSL,3
3364881,SSL,4
488382,SSL,5
493432,SSL,3
119677,SSL,14
165762,SSL,2
2451896,SSL,8
3462532,SSL,3
1167212,SSL,2
3240865,SSL,3
1724209,SSL,4
3499747,SSL,1
3379340,SSL,21
2197410,SSL,1
1923283,SSL,16
1280853,SSL,2
2860882,SSL,22
26396,SSL,5
2450625,SSL,4
1778625,SSL,27
3184636,SSL,2
496454,SSL,6
363887,SSL,4
1759625,SSL,21
342494,SSL,4
2315052,SSL,3
1386039,SSL,11
2167330,SSL,5
295818,SSL,21
1396277,SSL,16
1014892,SSL,2
95257,SSL,21
464960,SSL,11
1258016,SSL,2
2550914,SSL,4
1763502,SSL,1
1416851,SSL,12
612293,SSL,2
749636,SSL,3
741706,SSL,2
2445463,SSL,2
1715386,SSL,1
1375450,SSL,21
3218970,SSL,1
2852864,SSL,11
476342,SSL,5
1922908,SSL,5
187866,SSL,2
1929691,SSL,1
996994,SSL,1
2747537,SSL,4
2432608,SSL,2
3369880,SSL,1
1591191,SSL,2
1119933,SSL,8
1790298,SSL,2
229397,SSL,27
345411,SSL,12
2603700,SSL,4
348962,SSL,3
348021,SSL,4
25354,SSL,1
1549057,SSL,5
1292872,SSL,3
873964,SSL,4
1413915,SSL,5
2865663,SSL,5
1441000,SSL,12
1809528,SSL,1
3366273,SSL,4
17157,SSL,5
1924310,SSL,1
504190,SSL,11
895671,SSL,2
1258728,SSL,5
35117,SSL,2
1914524,SSL,11
470258,SSL,2
1728120,SSL,2
1539589,SSL,1
498518,SSL,5
1442838,SSL,4
1932447,SSL,4
354707,SSL,1
1938881,SSL,2
129185,SSL,1
1132983,SSL,5
2598945,SSL,15
963166,TWITTER,9
1138809,TWITTER,4
2495446,TWITTER,12
1203802,TWITTER,7
2994083,TWITTER,30
2560850,TWITTER,5
3550738,TWITTER,1
2901505,TWITTER,8
3308150,TWITTER,1
1825742,TWITTER,18
2495453,TWITTER,19
739401,TWITTER,1
2538007,TWITTER,9
820482,TWITTER,18
1142376,TWITTER,5
690684,TWITTER,4
1148584,TWITTER,4
283251,TWITTER,9
3019565,TWITTER,7
3501320,TWITTER,4
1768707,TWITTER,2
1346145,TWITTER,28
40236,TWITTER,13
2058041,TWITTER,4
3373986,TWITTER,4
952743,TWITTER,18
428492,TWITTER,13
820696,TWITTER,6
140842,TWITTER,5
3531022,TWITTER,20
2727623,TWITTER,2
2738453,TWITTER,2
3487625,TWITTER,5
3024769,TWITTER,7
2400632,TWITTER,3
2139335,TWITTER,7
2414380,TWITTER,5
1108983,TWITTER,13
1882417,TWITTER,8
1821748,TWITTER,9
3452755,TWITTER,12
3455646,TWITTER,1
2797339,TWITTER,1
1496442,TWITTER,1
1938536,TWITTER,4
1286501,TWITTER,2
3183661,TWITTER,21
2498708,TWITTER,11
895771,TWITTER,27
317686,TWITTER,2
2833297,TWITTER,17
2010194,TWITTER,7
3316812,TWITTER,1
841520,TWITTER,3
2407867,TWITTER,3
2910491,TWITTER,4
167218,TWITTER,2
2238270,TWITTER,1
2733459,TWITTER,5
2218844,TWITTER,1
797754,TWITTER,9
1934546,TWITTER,2
2711571,TWITTER,2
2409247,TWITTER,5
1902501,TWITTER,5
935338,TWITTER,17
3373981,TWITTER,5
3305636,TWITTER,1
1025505,TWITTER,1
702502,TWITTER,14
2910961,TWITTER,8
729378,TWITTER,2
1009648,TWITTER,12
1582553,TWITTER,15
1473795,TWITTER,6
2359233,TWITTER,1
3498406,TWITTER,3
1440078,TWITTER,2
1290420,TWITTER,15
1741603,TWITTER,5
1540373,TWITTER,11
2747117,TWITTER,4
2852432,TWITTER,21
723443,TWITTER,5
2819016,TWITTER,13
806907,TWITTER,20
1539070,TWITTER,2
1473655,TWITTER,2
2504968,TWITTER,1
2011606,TWITTER,7
2731050,TWITTER,5
2170543,TWITTER,3
812348,TWITTER,26
134701,TWITTER,4
1423123,TWITTER,4
2168862,TWITTER,3
1442274,TWITTER,15
182251,TWITTER,22
2748697,TWITTER,3
2360516,TWITTER,1
901154,WHATSAPP,1
2415941,WHATSAPP,6
1261710,WHATSAPP,3
2416389,WHATSAPP,2
2187582,WHATSAPP,2
3224233,WHATSAPP,3
333420,WHATSAPP,1
2008555,WHATSAPP,19
2632893,WHATSAPP,1
901584,WHATSAPP,15
1382488,WHATSAPP,9
562554,WHATSAPP,1
2810352,WHATSAPP,19
3424863,WHATSAPP,20
2012171,WHATSAPP,22
2134294,WHATSAPP,14
2585521,WHATSAPP,2
2492818,WHATSAPP,12
1978354,WHATSAPP,26
1140806,WHATSAPP,3
3524012,WHATSAPP,1
3523772,WHATSAPP,17
2824851,WHATSAPP,19
3208403,WHATSAPP,1
2366715,WHATSAPP,1
3221683,WHATSAPP,1
1793257,WHATSAPP,31
1015508,WHATSAPP,2
1091145,WHATSAPP,1
2586462,WHATSAPP,4
2963799,WHATSAPP,12
1197497,WHATSAPP,4
2440520,WHATSAPP,2
3045494,WHATSAPP,6
2458431,WHATSAPP,15
3133653,WHATSAPP,17
3193566,WHATSAPP,1
1753910,WHATSAPP,25
3430911,WHATSAPP,1
964888,WHATSAPP,1
944713,WHATSAPP,1
2963803,WHATSAPP,28
2440551,WHATSAPP,5
2879899,WHATSAPP,1
2440412,WHATSAPP,4
3191232,WHATSAPP,5
2533277,WHATSAPP,17
2416493,WHATSAPP,1
1687341,WHATSAPP,18
2563677,WHATSAPP,5
1870133,WHATSAPP,1
1900688,WHATSAPP,5
1832297,WHATSAPP,1
3313796,WHATSAPP,3
2573375,WHATSAPP,1
1810147,WHATSAPP,6
1855019,WHATSAPP,7
1723586,WHATSAPP,1
2661328,WHATSAPP,1
1490565,WHATSAPP,20
488390,WHATSAPP,1
3291406,WHATSAPP,18
3458732,WHATSAPP,1
3318137,WHATSAPP,19
2709070,WHATSAPP,3
1037065,WHATSAPP,3
1795117,WHATSAPP,1
898219,WHATSAPP,15
259331,WHATSAPP,7
2951311,WHATSAPP,26
2632823,WHATSAPP,17
954892,WHATSAPP,17
3156087,WHATSAPP,9
2701699,WHATSAPP,1
1978361,WHATSAPP,17
3139904,WHATSAPP,1
2632952,WHATSAPP,14
2897919,WHATSAPP,2
1262043,WHATSAPP,6
2483248,WHATSAPP,18
2492795,WHATSAPP,12
882150,WHATSAPP,8
449685,WHATSAPP,1
1234460,WHATSAPP,1
899649,WHATSAPP,15
3059256,WHATSAPP,2
425229,WHATSAPP,7
1978330,WHATSAPP,18
944409,WHATSAPP,19
2440547,WHATSAPP,2
985655,WHATSAPP,1
1036603,WHATSAPP,4
2562904,WHATSAPP,5
2440390,WHATSAPP,4
1367511,WHATSAPP,28
3316883,WHATSAPP,27
3147972,WHATSAPP,26
2848071,WHATSAPP,1
3034026,WHATSAPP,1
3419057,WHATSAPP,6
2948949,WIKIPEDIA,32
287571,WIKIPEDIA,17
2181690,WIKIPEDIA,2
2949029,WIKIPEDIA,1
287491,WIKIPEDIA,16
2124904,WIKIPEDIA,1
1426435,WIKIPEDIA,3
187959,WIKIPEDIA,4
66850,WIKIPEDIA,12
187950,WIKIPEDIA,2
3446264,WIKIPEDIA,1
3483304,WIKIPEDIA,5
33991,WIKIPEDIA,5
3053289,WIKIPEDIA,21
1787274,WIKIPEDIA,15
3553523,WIKIPEDIA,23
19235,WIKIPEDIA,12
3362874,WIKIPEDIA,2
2706084,WIKIPEDIA,16
1427260,WIKIPEDIA,14
934917,WIKIPEDIA,12
2410028,WIKIPEDIA,2
2543762,WIKIPEDIA,3
2729020,WIKIPEDIA,3
47818,WIKIPEDIA,2
1335631,WIKIPEDIA,17
369388,WIKIPEDIA,1
1658411,WIKIPEDIA,28
3144153,WIKIPEDIA,20
1795214,WIKIPEDIA,15
2492983,WIKIPEDIA,19
2124905,WIKIPEDIA,1
72323,WIKIPEDIA,8
569186,WIKIPEDIA,19
1508022,WIKIPEDIA,19
3025509,WIKIPEDIA,19
1335630,WIKIPEDIA,17
1584813,WIKIPEDIA,1
1286344,WIKIPEDIA,2
81707,WIKIPEDIA,30
69706,WIKIPEDIA,21
2331442,WIKIPEDIA,16
2443506,WIKIPEDIA,29
1770134,WIKIPEDIA,27
104826,WIKIPEDIA,23
73440,WIKIPEDIA,5
2304957,WIKIPEDIA,1
2949026,WIKIPEDIA,1
2440926,WIKIPEDIA,2
2036430,WIKIPEDIA,8
886133,WIKIPEDIA,4
3484563,WIKIPEDIA,23
3500817,WIKIPEDIA,8
3089266,WIKIPEDIA,3
3553570,WIKIPEDIA,1
3553578,WIKIPEDIA,6
3025595,WIKIPEDIA,13
2036302,WIKIPEDIA,5
2673156,WIKIPEDIA,1
3025611,WIKIPEDIA,28
2124919,WIKIPEDIA,6
2799395,WIKIPEDIA,18
1508024,WIKIPEDIA,12
1779126,WIKIPEDIA,4
1028330,WIKIPEDIA,5
143262,WIKIPEDIA,5
1886844,WIKIPEDIA,18
3144162,WIKIPEDIA,3
2124928,WIKIPEDIA,28
2442002,WIKIPEDIA,8
2273482,WIKIPEDIA,17
69726,WIKIPEDIA,14
1781664,WIKIPEDIA,11
44963,WIKIPEDIA,1
1536679,WIKIPEDIA,8
1098236,WIKIPEDIA,7
3364552,WIKIPEDIA,5
3362878,WIKIPEDIA,4
495220,WIKIPEDIA,2
2443503,WIKIPEDIA,5
232190,WIKIPEDIA,32
2181694,WIKIPEDIA,21
544485,WIKIPEDIA,8
2471890,WIKIPEDIA,2
3553580,WIKIPEDIA,1
1023208,WIKIPEDIA,4
1668568,WIKIPEDIA,18
19212,WIKIPEDIA,12
2745518,WIKIPEDIA,3
2447255,WIKIPEDIA,15
761369,WIKIPEDIA,15
2796778,WIKIPEDIA,18
3321761,WIKIPEDIA,1
3025608,WIKIPEDIA,1
1073956,WIKIPEDIA,12
3025505,WIKIPEDIA,19
2036288,WIKIPEDIA,1
2925329,WIKIPEDIA,3
2949030,WIKIPEDIA,14
2824101,WIKIPEDIA,21
3362431,WINDOWS_UPDATE,16
5201,WINDOWS_UPDATE,20
400547,WINDOWS_UPDATE,13
747957,WINDOWS_UPDATE,25
136808,WINDOWS_UPDATE,8
2964831,WINDOWS_UPDATE,12
159222,WINDOWS_UPDATE,14
3526442,WINDOWS_UPDATE,1
3085751,WINDOWS_UPDATE,5
2132976,WINDOWS_UPDATE,12
2133404,WINDOWS_UPDATE,1
1995599,WINDOWS_UPDATE,4
2386375,WINDOWS_UPDATE,14
831036,WINDOWS_UPDATE,2
3162461,WINDOWS_UPDATE,14
901072,WINDOWS_UPDATE,25
2015412,WINDOWS_UPDATE,12
3564255,WINDOWS_UPDATE,12
880923,WINDOWS_UPDATE,1
2133246,WINDOWS_UPDATE,12
3519442,WINDOWS_UPDATE,1
1160356,WINDOWS_UPDATE,21
2959453,WINDOWS_UPDATE,7
1552885,WINDOWS_UPDATE,1
3028472,WINDOWS_UPDATE,7
978390,WINDOWS_UPDATE,3
2015640,WINDOWS_UPDATE,17
900914,WINDOWS_UPDATE,27
3162584,WINDOWS_UPDATE,1
1972091,WINDOWS_UPDATE,1
1678634,WINDOWS_UPDATE,19
2151613,WINDOWS_UPDATE,12
9155,WINDOWS_UPDATE,2
3437627,WINDOWS_UPDATE,3
2385814,WINDOWS_UPDATE,26
1610106,WINDOWS_UPDATE,19
831081,WINDOWS_UPDATE,4
224415,WINDOWS_UPDATE,3
1886360,WINDOWS_UPDATE,1
358720,WINDOWS_UPDATE,1
2326451,WINDOWS_UPDATE,5
715497,WINDOWS_UPDATE,14
1359513,WINDOWS_UPDATE,1
224315,WINDOWS_UPDATE,3
3161728,WINDOWS_UPDATE,20
2974901,WINDOWS_UPDATE,17
871783,WINDOWS_UPDATE,2
2692118,WINDOWS_UPDATE,9
395662,WINDOWS_UPDATE,7
874345,WINDOWS_UPDATE,15
1148183,WINDOWS_UPDATE,1
3358241,WINDOWS_UPDATE,25
929421,WINDOWS_UPDATE,1
1926716,WINDOWS_UPDATE,4
2001493,WINDOWS_UPDATE,26
3161870,WINDOWS_UPDATE,12
1705349,WINDOWS_UPDATE,7
2868326,WINDOWS_UPDATE,2
2491084,WINDOWS_UPDATE,12
406239,WINDOWS_UPDATE,9
929616,WINDOWS_UPDATE,17
395914,WINDOWS_UPDATE,11
1889550,WINDOWS_UPDATE,7
2144294,WINDOWS_UPDATE,18
1618765,WINDOWS_UPDATE,25
898167,WINDOWS_UPDATE,25
29703,WINDOWS_UPDATE,12
1810675,WINDOWS_UPDATE,2
395911,WINDOWS_UPDATE,11
1147436,WINDOWS_UPDATE,3
1250692,WINDOWS_UPDATE,3
2132997,WINDOWS_UPDATE,17
2387325,WINDOWS_UPDATE,12
747856,WINDOWS_UPDATE,3
7627,WINDOWS_UPDATE,26
1511251,WINDOWS_UPDATE,17
2151066,WINDOWS_UPDATE,12
2958907,WINDOWS_UPDATE,7
2491641,WINDOWS_UPDATE,1
1198424,WINDOWS_UPDATE,5
34227,WINDOWS_UPDATE,9
397328,WINDOWS_UPDATE,1
2490994,WINDOWS_UPDATE,20
2526892,WINDOWS_UPDATE,9
2491152,WINDOWS_UPDATE,12
1621632,WINDOWS_UPDATE,9
831172,WINDOWS_UPDATE,16
578420,WINDOWS_UPDATE,12
1366205,WINDOWS_UPDATE,14
397192,WINDOWS_UPDATE,1
398153,WINDOWS_UPDATE,1
572429,WINDOWS_UPDATE,20
2385579,WINDOWS_UPDATE,26
1773719,WINDOWS_UPDATE,4
239649,WINDOWS_UPDATE,9
395551,WINDOWS_UPDATE,7
506683,WINDOWS_UPDATE,4
369782,WINDOWS_UPDATE,3
502626,WINDOWS_UPDATE,22
1210234,WINDOWS_UPDATE,32
59116,YAHOO,1
1788704,YAHOO,4
3312678,YAHOO,32
965684,YAHOO,19
1540123,YAHOO,2
1395461,YAHOO,1
194960,YAHOO,1
1232951,YAHOO,6
1468019,YAHOO,7
1876863,YAHOO,7
401009,YAHOO,7
411296,YAHOO,9
1876300,YAHOO,7
570024,YAHOO,1
306780,YAHOO,1
751222,YAHOO,1
272210,YAHOO,7
1755790,YAHOO,2
3425606,YAHOO,17
1871494,YAHOO,19
859158,YAHOO,18
1812852,YAHOO,17
2750761,YAHOO,4
1691443,YAHOO,7
1236907,YAHOO,23
543888,YAHOO,6
3235838,YAHOO,3
2538332,YAHOO,19
1645761,YAHOO,7
1237010,YAHOO,23
3339780,YAHOO,2
2137216,YAHOO,20
2137225,YAHOO,20
1157103,YAHOO,2
858295,YAHOO,4
1876357,YAHOO,7
3225424,YAHOO,4
1921526,YAHOO,2
3200699,YAHOO,3
1142729,YAHOO,2
1646141,YAHOO,14
1033155,YAHOO,2
1794510,YAHOO,2
755180,YAHOO,1
2899778,YAHOO,2
304324,YAHOO,2
1563778,YAHOO,2
1155673,YAHOO,4
681622,YAHOO,20
170822,YAHOO,2
2751033,YAHOO,3
2723921,YAHOO,2
2367733,YAHOO,12
38510,YAHOO,21
284576,YAHOO,23
2747904,YAHOO,11
1259044,YAHOO,5
620369,YAHOO,2
1236359,YAHOO,13
2901127,YAHOO,4
1630197,YAHOO,12
1469045,YAHOO,18
3440062,YAHOO,13
814485,YAHOO,26
2381051,YAHOO,7
1631223,YAHOO,13
1709200,YAHOO,3
304309,YAHOO,3
1018721,YAHOO,3
499297,YAHOO,1
1004626,YAHOO,2
187317,YAHOO,22
2009851,YAHOO,18
498842,YAHOO,2
59805,YAHOO,3
187963,YAHOO,4
1876449,YAHOO,13
310373,YAHOO,4
681251,YAHOO,20
1805062,YAHOO,12
1503702,YAHOO,1
187672,YAHOO,4
1876556,YAHOO,7
3558639,YAHOO,32
569697,YAHOO,17
559895,YAHOO,3
1092443,YAHOO,20
1564448,YAHOO,2
2453307,YAHOO,4
630583,YAHOO,4
1717648,YAHOO,18
629827,YAHOO,2
621762,YAHOO,11
1788975,YAHOO,2
569802,YAHOO,7
630354,YAHOO,5
2716753,YAHOO,3
1828887,YAHOO,23
2604127,YAHOO,4
3378289,YAHOO,15
1585660,YOUTUBE,15
2981529,YOUTUBE,11
2833395,YOUTUBE,19
138900,YOUTUBE,2
2246003,YOUTUBE,20
3135972,YOUTUBE,18
3556391,YOUTUBE,7
1491306,YOUTUBE,1
697472,YOUTUBE,1
553206,YOUTUBE,23
1896186,YOUTUBE,2
1739255,YOUTUBE,2
236642,YOUTUBE,17
1757912,YOUTUBE,6
724349,YOUTUBE,2
1552695,YOUTUBE,3
3321627,YOUTUBE,12
2751198,YOUTUBE,3
1828628,YOUTUBE,18
2601487,YOUTUBE,4
3295388,YOUTUBE,7
1079569,YOUTUBE,28
681596,YOUTUBE,26
1096458,YOUTUBE,12
1794113,YOUTUBE,1
3301440,YOUTUBE,7
3204136,YOUTUBE,4
1509220,YOUTUBE,13
1466121,YOUTUBE,29
130637,YOUTUBE,5
196339,YOUTUBE,2
990260,YOUTUBE,5
1729386,YOUTUBE,6
2978370,YOUTUBE,4
1483207,YOUTUBE,13
877461,YOUTUBE,21
3376363,YOUTUBE,3
3347723,YOUTUBE,4
1613712,YOUTUBE,1
1847700,YOUTUBE,28
2106825,YOUTUBE,1
3295358,YOUTUBE,20
2145151,YOUTUBE,19
2855067,YOUTUBE,11
312835,YOUTUBE,5
3040554,YOUTUBE,2
1673420,YOUTUBE,19
2175073,YOUTUBE,5
2686677,YOUTUBE,13
284889,YOUTUBE,1
1008988,YOUTUBE,3
1841587,YOUTUBE,17
2032747,YOUTUBE,2
1429922,YOUTUBE,3
1837931,YOUTUBE,1
137676,YOUTUBE,1
2868794,YOUTUBE,3
1581111,YOUTUBE,15
2812917,YOUTUBE,13
1965876,YOUTUBE,18
3295500,YOUTUBE,18
2280394,YOUTUBE,17
333018,YOUTUBE,4
191623,YOUTUBE,3
1508500,YOUTUBE,19
860786,YOUTUBE,2
3496946,YOUTUBE,14
634186,YOUTUBE,15
2799399,YOUTUBE,1
2950990,YOUTUBE,1
1421731,YOUTUBE,3
317163,YOUTUBE,4
980157,YOUTUBE,9
311245,YOUTUBE,5
2385365,YOUTUBE,17
1490649,YOUTUBE,17
1706708,YOUTUBE,1
2729639,YOUTUBE,3
2567977,YOUTUBE,2
1385072,YOUTUBE,3
1065657,YOUTUBE,9
3432546,YOUTUBE,20
1082176,YOUTUBE,7
968198,YOUTUBE,23
2004209,YOUTUBE,7
193256,YOUTUBE,2
2049136,YOUTUBE,6
2817222,YOUTUBE,1
3563718,YOUTUBE,13
1646245,YOUTUBE,1
1336228,YOUTUBE,11
1873806,YOUTUBE,19
62589,YOUTUBE,5
1074301,YOUTUBE,23
1274858,YOUTUBE,5
1474921,YOUTUBE,12
1509832,YOUTUBE,23
2714233,YOUTUBE,5
1772017,YOUTUBE,3
1527596,YOUTUBE,4
